id,label
026-214.25_pic3.jpeg,_0
026-214.21_pic1.jpeg,_0
026-214.23_pic0.jpeg,_0
026-214.24_pic4.jpeg,_0
026-214.19_pic1.jpeg,_0
026-215.36_pic0.jpeg,_0
026-215.02_pic1.jpeg,_0
026-215.33_pic1.jpeg,_0
026-215.19_pic0.jpeg,_0
026-215.43_pic0.jpeg,_0
026-215.41_pic0.jpeg,_0
026-214.13_pic4.jpeg,_0
026-215.04_pic2.jpeg,_0
026-214.33_pic1.jpeg,_0
026-214.11_pic5.jpeg,_0
026-215.15_pic3.jpeg,_0
026-214.35_pic5.jpeg,_1
026-215.13_pic1.jpeg,_0
026-214.36_pic5.jpeg,_1
026-214.37_pic3.jpeg,_0
026-215.12_pic0.jpeg,_0
026-215.30_pic5.jpeg,_0
026-215.31_pic4.jpeg,_0
026-215.07_pic2.jpeg,_0
026-214.41_pic2.jpeg,_0
026-214.03_pic3.jpeg,_0
026-215.09_pic1.jpeg,_0
026-214.01_pic3.jpeg,_0
026-214.46_pic2.jpeg,_0
026-214.45_pic1.jpeg,_0
026-215.51_pic1.jpeg,_0
026-215.28_pic5.jpeg,_0
026-207.03_pic0.jpeg,_2
026-206.35_pic4.jpeg,_0
026-207.34_pic0.jpeg,_0
026-208.12_pic2.jpeg,_0
026-206.38_pic2.jpeg,_0
026-208.28_pic1.jpeg,_0
026-206.15_pic5.jpeg,_0
026-206.17_pic4.jpeg,_0
026-206.16_pic5.jpeg,_0
026-206.13_pic3.jpeg,_0
026-206.19_pic5.jpeg,_0
026-206.12_pic3.jpeg,_0
026-206.20_pic3.jpeg,_0
026-206.11_pic0.jpeg,_0
026-208.15_pic4.jpeg,_0
026-206.21_pic2.jpeg,_0
026-206.10_pic4.jpeg,_2
026-208.06_pic3.jpeg,_0
026-207.24_pic0.jpeg,_0
026-208.19_pic1.jpeg,_0
026-206.36_pic0.jpeg,_0
026-208.20_pic2.jpeg,_0
026-207.26_pic4.jpeg,_0
026-207.27_pic0.jpeg,_0
026-206.26_pic0.jpeg,_0
026-208.02_pic2.jpeg,_0
026-206.27_pic1.jpeg,_0
026-206.03_pic4.jpeg,_1
026-207.33_pic2.jpeg,_0
026-208.23_pic5.jpeg,_0
026-206.34_pic4.jpeg,_0
026-206.31_pic3.jpeg,_0
026-187.22_pic5.jpeg,_0
026-187.10_pic3.jpeg,_1
026-188.05_pic0.jpeg,_0
026-189.11_pic4.jpeg,_0
026-189.10_pic4.jpeg,_0
026-189.24_pic4.jpeg,_0
026-172.22_pic3.jpeg,_1
026-187.07_pic2.jpeg,_0
026-187.06_pic3.jpeg,_0
026-189.23_pic2.jpeg,_0
026-187.04_pic0.jpeg,_1
026-187.17_pic1.jpeg,_0
026-187.03_pic2.jpeg,_0
026-189.16_pic2.jpeg,_0
026-188.02_pic2.jpeg,_1
026-188.01_pic0.jpeg,_1
026-188.11_pic5.jpeg,_1
026-172.64_pic3.jpeg,_0
026-173.56_pic3.jpeg,_0
026-172.27_pic0.jpeg,_0
026-171.25_pic0.jpeg,_0
026-172.59_pic5.jpeg,_0
026-171.27_pic3.jpeg,_0
026-173.21_pic3.jpeg,_0
026-172.67_pic2.jpeg,_1
026-173.20_pic5.jpeg,_0
026-172.21_pic5.jpeg,_1
026-171.73_pic2.jpeg,_1
026-171.66_pic2.jpeg,_0
026-171.19_pic3.jpeg,_0
026-173.34_pic5.jpeg,_0
026-173.35_pic5.jpeg,_0
026-171.60_pic1.jpeg,_0
026-171.17_pic0.jpeg,_0
026-173.15_pic0.jpeg,_0
026-172.16_pic4.jpeg,_0
026-171.36_pic3.jpeg,_0
026-172.13_pic4.jpeg,_1
026-172.14_pic4.jpeg,_0
026-173.39_pic0.jpeg,_0
026-171.11_pic3.jpeg,_0
026-172.41_pic5.jpeg,_0
026-172.42_pic5.jpeg,_0
026-171.41_pic5.jpeg,_0
026-171.43_pic2.jpeg,_0
026-172.08_pic3.jpeg,_0
026-172.45_pic1.jpeg,_0
026-172.07_pic1.jpeg,_0
026-172.60_pic4.jpeg,_0
026-172.58_pic2.jpeg,_0
026-172.48_pic2.jpeg,_0
026-172.04_pic1.jpeg,_0
026-173.49_pic4.jpeg,_0
026-171.53_pic0.jpeg,_0
026-172.53_pic4.jpeg,_0
026-172.02_pic2.jpeg,_0
026-171.56_pic0.jpeg,_0
026-173.02_pic4.jpeg,_0
026-171.57_pic2.jpeg,_0
026-171.68_pic2.jpeg,_0
026-134.14_pic2.jpeg,_0
026-135.09_pic1.jpeg,_0
026-135.05_pic0.jpeg,_0
026-134.15_pic2.jpeg,_0
026-135.04_pic5.jpeg,_0
026-135.12_pic3.jpeg,_0
026-134.02_pic1.jpeg,_0
026-135.06_pic5.jpeg,_0
026-135.02_pic0.jpeg,_0
026-135.01_pic1.jpeg,_0
026-134.11_pic4.jpeg,_2
026-131.02_pic2.jpeg,_0
026-134.10_pic0.jpeg,_0
026-136.19_pic3.jpeg,_0
026-136.08_pic0.jpeg,_0
026-136.25_pic0.jpeg,_0
026-131.17_pic2.jpeg,_1
026-136.26_pic3.jpeg,_0
026-136.16_pic1.jpeg,_0
026-136.02_pic2.jpeg,_0
026-133.08_pic1.jpeg,_0
026-136.24_pic1.jpeg,_0
026-136.21_pic0.jpeg,_0
026-094.18_pic1.jpeg,_0
026-094.20_pic5.jpeg,_0
026-096.19_pic2.jpeg,_0
026-095.22_pic0.jpeg,_0
026-095.38_pic5.jpeg,_0
026-095.37_pic3.jpeg,_0
026-094.30_pic1.jpeg,_0
026-094.04_pic5.jpeg,_1
026-094.09_pic2.jpeg,_0
026-095.14_pic3.jpeg,_0
026-095.15_pic3.jpeg,_0
026-095.16_pic1.jpeg,_0
026-094.01_pic0.jpeg,_0
026-095.29_pic4.jpeg,_0
026-095.30_pic2.jpeg,_0
026-096.12_pic2.jpeg,_0
026-095.11_pic4.jpeg,_0
026-094.44_pic1.jpeg,_0
026-096.14_pic3.jpeg,_0
026-094.35_pic1.jpeg,_0
026-096.05_pic1.jpeg,_1
026-094.38_pic1.jpeg,_2
026-095.05_pic5.jpeg,_0
026-095.41_pic1.jpeg,_2
026-095.36_pic2.jpeg,_2
026-095.40_pic1.jpeg,_1
026-094.41_pic1.jpeg,_1
025-090.39_pic4.jpeg,_0
025-110.10_pic1.jpeg,_1
026-120.24_pic1.jpeg,_1
026-120.25_pic1.jpeg,_0
026-120.26_pic0.jpeg,_0
026-120.19_pic5.jpeg,_0
025-110.06_pic0.jpeg,_0
026-120.29_pic0.jpeg,_0
025-110.04_pic4.jpeg,_1
026-120.30_pic2.jpeg,_1
026-119.17_pic5.jpeg,_0
026-120.31_pic0.jpeg,_2
026-119.14_pic1.jpeg,_0
026-120.13_pic4.jpeg,_0
026-120.12_pic1.jpeg,_0
026-120.34_pic4.jpeg,_1
026-120.11_pic2.jpeg,_0
026-119.34_pic0.jpeg,_0
026-120.51_pic5.jpeg,_0
026-120.35_pic3.jpeg,_0
026-119.22_pic1.jpeg,_1
026-120.10_pic2.jpeg,_0
026-120.36_pic1.jpeg,_0
026-119.23_pic3.jpeg,_0
026-120.37_pic1.jpeg,_0
026-118.17_pic1.jpeg,_0
026-119.24_pic1.jpeg,_0
026-120.38_pic1.jpeg,_1
026-119.07_pic1.jpeg,_0
026-119.32_pic2.jpeg,_0
026-119.06_pic1.jpeg,_0
026-119.27_pic3.jpeg,_0
026-119.35_pic0.jpeg,_1
026-118.12_pic4.jpeg,_0
025-090.01_pic2.jpeg,_0
026-118.19_pic0.jpeg,_2
026-120.42_pic5.jpeg,_0
025-075.09_pic2.jpeg,_2
025-216.10_pic0.jpeg,_0
025-215.20_pic2.jpeg,_0
025-075.27_pic0.jpeg,_1
026-119.29_pic4.jpeg,_0
025-074.16_pic3.jpeg,_1
026-118.14_pic1.jpeg,_0
026-119.30_pic4.jpeg,_0
025-074.14_pic4.jpeg,_0
025-074.15_pic1.jpeg,_0
026-119.40_pic4.jpeg,_0
025-077.09_pic1.jpeg,_1
026-120.45_pic5.jpeg,_1
025-074.08_pic1.jpeg,_1
025-077.12_pic0.jpeg,_0
025-078.03_pic5.jpeg,_0
025-215.08_pic3.jpeg,_1
025-077.13_pic1.jpeg,_0
025-074.19_pic5.jpeg,_1
026-113.28_pic1.jpeg,_0
026-111.43_pic5.jpeg,_0
025-074.05_pic0.jpeg,_2
025-077.06_pic4.jpeg,_1
026-113.33_pic3.jpeg,_0
026-112.48_pic3.jpeg,_1
025-074.21_pic4.jpeg,_0
025-078.02_pic0.jpeg,_1
026-111.53_pic2.jpeg,_0
025-077.05_pic0.jpeg,_0
026-110.50_pic0.jpeg,_0
025-077.17_pic4.jpeg,_2
025-074.22_pic0.jpeg,_1
025-074.03_pic4.jpeg,_0
026-111.41_pic5.jpeg,_1
025-215.13_pic2.jpeg,_0
026-112.33_pic3.jpeg,_0
025-216.08_pic0.jpeg,_0
025-215.14_pic1.jpeg,_0
025-075.03_pic2.jpeg,_1
026-112.34_pic5.jpeg,_0
025-074.01_pic0.jpeg,_0
026-112.35_pic0.jpeg,_0
025-075.02_pic2.jpeg,_0
026-111.27_pic3.jpeg,_0
025-215.15_pic2.jpeg,_0
026-112.22_pic1.jpeg,_0
025-216.06_pic2.jpeg,_0
025-077.02_pic5.jpeg,_0
025-079.04_pic3.jpeg,_1
025-075.28_pic2.jpeg,_0
026-112.20_pic0.jpeg,_1
025-216.04_pic4.jpeg,_0
026-112.50_pic3.jpeg,_0
026-113.23_pic1.jpeg,_0
025-216.24_pic5.jpeg,_0
025-052.21_pic0.jpeg,_0
025-215.22_pic4.jpeg,_1
025-079.08_pic5.jpeg,_1
025-079.07_pic0.jpeg,_0
026-112.18_pic5.jpeg,_1
026-110.30_pic1.jpeg,_0
025-216.23_pic5.jpeg,_0
025-055.11_pic0.jpeg,_0
025-057.10_pic1.jpeg,_0
025-055.03_pic2.jpeg,_1
026-113.45_pic2.jpeg,_0
025-055.02_pic0.jpeg,_0
026-112.39_pic4.jpeg,_0
026-114.24_pic3.jpeg,_0
026-113.46_pic4.jpeg,_0
025-052.19_pic4.jpeg,_1
025-053.19_pic4.jpeg,_0
026-111.11_pic2.jpeg,_0
025-057.18_pic3.jpeg,_0
025-052.14_pic0.jpeg,_0
025-052.17_pic5.jpeg,_1
026-114.10_pic3.jpeg,_0
025-053.21_pic0.jpeg,_0
025-053.10_pic2.jpeg,_0
026-112.40_pic1.jpeg,_0
025-057.19_pic0.jpeg,_2
025-053.09_pic3.jpeg,_0
026-113.51_pic0.jpeg,_0
025-053.08_pic2.jpeg,_0
025-057.21_pic0.jpeg,_0
026-115.12_pic3.jpeg,_0
025-054.14_pic0.jpeg,_1
026-110.08_pic1.jpeg,_0
025-052.10_pic5.jpeg,_0
026-113.09_pic5.jpeg,_0
025-053.25_pic3.jpeg,_0
026-115.07_pic0.jpeg,_0
025-052.23_pic4.jpeg,_1
025-053.06_pic0.jpeg,_0
026-115.13_pic4.jpeg,_0
026-110.07_pic1.jpeg,_0
026-110.37_pic0.jpeg,_0
026-113.54_pic3.jpeg,_0
025-057.01_pic0.jpeg,_0
025-054.05_pic2.jpeg,_0
025-057.25_pic5.jpeg,_0
026-110.39_pic2.jpeg,_1
026-112.44_pic4.jpeg,_1
025-053.04_pic2.jpeg,_0
025-054.04_pic0.jpeg,_0
026-114.31_pic2.jpeg,_0
026-113.56_pic1.jpeg,_0
025-053.29_pic0.jpeg,_0
026-112.45_pic4.jpeg,_1
025-053.03_pic4.jpeg,_1
026-113.57_pic4.jpeg,_0
026-114.32_pic5.jpeg,_0
026-113.04_pic1.jpeg,_0
025-054.18_pic4.jpeg,_0
025-052.04_pic4.jpeg,_2
026-115.03_pic3.jpeg,_0
025-054.19_pic3.jpeg,_0
026-113.59_pic3.jpeg,_0
025-054.01_pic2.jpeg,_1
025-054.22_pic3.jpeg,_0
026-114.34_pic2.jpeg,_1
026-111.02_pic1.jpeg,_0
026-110.43_pic5.jpeg,_1
026-111.48_pic2.jpeg,_0
026-115.21_pic4.jpeg,_0
026-114.39_pic1.jpeg,_1
026-114.38_pic5.jpeg,_1
026-113.62_pic1.jpeg,_0
026-112.46_pic3.jpeg,_1
026-111.37_pic5.jpeg,_1
026-111.01_pic4.jpeg,_1
045-732.08_pic5.jpeg,_0
045-727.03_pic3.jpeg,_0
045-727.05_pic2.jpeg,_0
045-163.11_pic4.jpeg,_0
045-163.13_pic3.jpeg,_0
045-162.10_pic0.jpeg,_0
045-162.29_pic4.jpeg,_0
045-162.12_pic5.jpeg,_0
045-162.19_pic2.jpeg,_0
045-162.06_pic1.jpeg,_0
045-163.20_pic3.jpeg,_0
045-161.05_pic1.jpeg,_0
045-163.23_pic4.jpeg,_0
045-162.25_pic5.jpeg,_0
045-162.03_pic5.jpeg,_0
045-161.25_pic4.jpeg,_0
045-162.02_pic5.jpeg,_0
045-162.31_pic1.jpeg,_0
045-162.16_pic0.jpeg,_0
045-162.30_pic2.jpeg,_0
045-544.02_pic5.jpeg,_0
045-162.01_pic2.jpeg,_0
045-541.16_pic5.jpeg,_0
045-544.06_pic1.jpeg,_0
045-161.20_pic3.jpeg,_0
045-541.21_pic3.jpeg,_2
045-160.02_pic1.jpeg,_0
045-161.23_pic4.jpeg,_0
045-158.07_pic3.jpeg,_0
045-538.17_pic1.jpeg,_0
045-540.28_pic1.jpeg,_0
045-539.21_pic5.jpeg,_0
045-158.08_pic4.jpeg,_0
045-540.29_pic3.jpeg,_0
045-160.22_pic3.jpeg,_0
045-158.03_pic0.jpeg,_0
045-158.09_pic2.jpeg,_0
045-541.12_pic0.jpeg,_0
045-547.03_pic2.jpeg,_0
045-546.01_pic4.jpeg,_0
045-539.12_pic1.jpeg,_0
045-157.07_pic1.jpeg,_0
045-538.14_pic2.jpeg,_0
045-539.11_pic5.jpeg,_0
045-157.09_pic5.jpeg,_0
045-539.47_pic5.jpeg,_0
045-539.45_pic2.jpeg,_0
045-535.35_pic0.jpeg,_0
045-541.06_pic4.jpeg,_1
045-157.10_pic4.jpeg,_0
045-541.05_pic2.jpeg,_0
045-157.15_pic1.jpeg,_1
045-539.08_pic0.jpeg,_0
045-535.12_pic0.jpeg,_0
045-156.16_pic5.jpeg,_0
045-541.03_pic1.jpeg,_0
045-539.07_pic5.jpeg,_0
045-536.11_pic4.jpeg,_0
045-538.08_pic0.jpeg,_0
045-534.17_pic0.jpeg,_1
045-539.30_pic0.jpeg,_0
045-534.18_pic2.jpeg,_0
045-541.50_pic5.jpeg,_0
045-536.08_pic4.jpeg,_0
045-534.19_pic2.jpeg,_0
061-530.29_pic1.jpeg,_1
045-540.40_pic0.jpeg,_0
061-530.23_pic4.jpeg,_1
061-529.30_pic4.jpeg,_0
061-530.30_pic3.jpeg,_2
061-530.22_pic1.jpeg,_0
045-538.05_pic1.jpeg,_0
045-533.36_pic1.jpeg,_0
061-530.31_pic3.jpeg,_0
061-530.21_pic2.jpeg,_0
045-534.23_pic5.jpeg,_0
045-533.12_pic0.jpeg,_0
045-538.27_pic0.jpeg,_0
061-530.33_pic5.jpeg,_0
061-529.22_pic4.jpeg,_0
061-530.19_pic4.jpeg,_0
045-538.38_pic3.jpeg,_0
061-529.21_pic2.jpeg,_0
045-538.02_pic0.jpeg,_1
045-536.22_pic5.jpeg,_0
045-534.27_pic2.jpeg,_0
045-537.03_pic0.jpeg,_0
061-528.24_pic2.jpeg,_0
045-534.28_pic0.jpeg,_0
045-533.09_pic5.jpeg,_0
061-528.25_pic5.jpeg,_0
045-534.30_pic0.jpeg,_0
045-533.23_pic0.jpeg,_0
045-536.24_pic0.jpeg,_0
045-536.25_pic3.jpeg,_0
045-537.28_pic2.jpeg,_1
045-533.25_pic2.jpeg,_0
045-533.26_pic2.jpeg,_0
061-530.42_pic3.jpeg,_0
045-533.35_pic5.jpeg,_0
061-529.09_pic0.jpeg,_0
061-529.51_pic0.jpeg,_0
061-529.03_pic2.jpeg,_0
061-528.43_pic2.jpeg,_0
045-165.06_pic1.jpeg,_0
045-165.23_pic5.jpeg,_1
045-167.04_pic0.jpeg,_0
045-168.10_pic3.jpeg,_0
045-165.18_pic2.jpeg,_0
045-168.11_pic3.jpeg,_0
045-167.14_pic4.jpeg,_0
045-166.26_pic4.jpeg,_0
045-170.10_pic2.jpeg,_0
045-511.15_pic2.jpeg,_1
045-510.01_pic3.jpeg,_0
045-170.26_pic1.jpeg,_1
045-170.49_pic2.jpeg,_0
045-169.27_pic3.jpeg,_1
045-170.04_pic2.jpeg,_1
045-170.45_pic0.jpeg,_0
045-511.14_pic5.jpeg,_1
045-511.12_pic0.jpeg,_1
045-509.03_pic0.jpeg,_0
045-511.07_pic4.jpeg,_1
045-511.06_pic5.jpeg,_0
045-512.10_pic1.jpeg,_0
045-515.17_pic3.jpeg,_1
045-515.15_pic2.jpeg,_1
045-515.14_pic0.jpeg,_1
045-515.13_pic1.jpeg,_1
045-516.22_pic4.jpeg,_1
045-515.33_pic5.jpeg,_0
045-516.39_pic1.jpeg,_1
045-516.19_pic4.jpeg,_1
061-527.12_pic2.jpeg,_1
045-516.17_pic3.jpeg,_0
045-190.05_pic0.jpeg,_1
061-527.32_pic3.jpeg,_1
045-515.52_pic0.jpeg,_1
045-515.40_pic3.jpeg,_0
061-527.07_pic2.jpeg,_0
061-527.35_pic0.jpeg,_0
045-515.05_pic5.jpeg,_0
061-526.39_pic1.jpeg,_1
045-514.31_pic2.jpeg,_0
045-516.34_pic2.jpeg,_0
045-517.12_pic2.jpeg,_0
045-515.46_pic0.jpeg,_0
045-516.35_pic1.jpeg,_1
061-527.41_pic4.jpeg,_1
061-527.43_pic0.jpeg,_0
045-517.44_pic0.jpeg,_0
061-532.12_pic0.jpeg,_0
061-522.08_pic0.jpeg,_1
045-518.04_pic1.jpeg,_0
061-523.03_pic1.jpeg,_1
045-518.15_pic1.jpeg,_0
061-532.16_pic5.jpeg,_0
061-532.17_pic4.jpeg,_0
061-532.05_pic2.jpeg,_0
061-532.19_pic1.jpeg,_0
045-518.19_pic4.jpeg,_0
061-523.27_pic2.jpeg,_0
061-797.04_pic3.jpeg,_0
061-797.09_pic3.jpeg,_0
061-797.65_pic2.jpeg,_0
061-797.58_pic1.jpeg,_1
061-797.53_pic5.jpeg,_0
008-082.03_pic2.jpeg,_0
008-082.15_pic5.jpeg,_0
008-082.10_pic5.jpeg,_0
008-082.13_pic2.jpeg,_0
008-083.03_pic4.jpeg,_1
008-083.06_pic1.jpeg,_0
008-083.09_pic1.jpeg,_0
008-083.13_pic0.jpeg,_0
008-083.14_pic5.jpeg,_0
008-083.16_pic4.jpeg,_0
008-082.38_pic3.jpeg,_1
008-082.37_pic2.jpeg,_0
008-082.33_pic4.jpeg,_0
008-083.19_pic5.jpeg,_0
008-082.29_pic0.jpeg,_0
008-082.28_pic5.jpeg,_0
008-082.26_pic1.jpeg,_0
008-082.24_pic0.jpeg,_0
008-084.06_pic4.jpeg,_0
008-082.22_pic0.jpeg,_1
008-084.09_pic5.jpeg,_0
008-084.11_pic4.jpeg,_0
008-084.12_pic1.jpeg,_0
008-084.14_pic0.jpeg,_1
008-084.15_pic3.jpeg,_0
008-083.40_pic2.jpeg,_0
008-083.39_pic0.jpeg,_0
008-084.18_pic0.jpeg,_0
008-085.04_pic0.jpeg,_1
008-083.36_pic0.jpeg,_0
008-084.22_pic5.jpeg,_0
008-085.56_pic3.jpeg,_1
008-085.43_pic1.jpeg,_0
008-085.42_pic4.jpeg,_0
008-079.36_pic1.jpeg,_0
008-084.23_pic1.jpeg,_0
008-084.54_pic0.jpeg,_0
008-083.32_pic2.jpeg,_0
008-083.31_pic5.jpeg,_0
008-084.26_pic3.jpeg,_0
008-083.28_pic1.jpeg,_0
008-083.27_pic5.jpeg,_0
008-083.24_pic2.jpeg,_2
008-083.22_pic1.jpeg,_0
008-085.06_pic0.jpeg,_0
008-085.08_pic0.jpeg,_0
008-084.50_pic3.jpeg,_0
008-084.49_pic2.jpeg,_0
008-084.48_pic5.jpeg,_0
008-084.46_pic0.jpeg,_0
008-084.45_pic2.jpeg,_0
008-085.15_pic5.jpeg,_1
008-085.16_pic5.jpeg,_0
008-085.17_pic3.jpeg,_0
008-084.41_pic0.jpeg,_0
008-081.03_pic4.jpeg,_0
008-081.04_pic4.jpeg,_0
008-085.02_pic3.jpeg,_1
008-084.38_pic2.jpeg,_0
008-084.37_pic1.jpeg,_0
008-081.09_pic2.jpeg,_0
008-081.10_pic0.jpeg,_0
008-084.34_pic4.jpeg,_0
008-081.12_pic3.jpeg,_0
008-084.32_pic1.jpeg,_0
008-084.31_pic0.jpeg,_0
008-084.29_pic3.jpeg,_0
008-080.04_pic2.jpeg,_0
008-080.06_pic5.jpeg,_0
008-080.07_pic2.jpeg,_1
008-080.08_pic0.jpeg,_1
008-081.16_pic4.jpeg,_2
008-080.09_pic5.jpeg,_0
008-085.52_pic1.jpeg,_0
008-085.51_pic0.jpeg,_0
008-080.12_pic4.jpeg,_0
008-080.14_pic1.jpeg,_0
008-085.48_pic5.jpeg,_0
008-080.16_pic0.jpeg,_0
008-085.46_pic4.jpeg,_0
008-085.45_pic5.jpeg,_0
008-085.44_pic3.jpeg,_0
008-085.41_pic2.jpeg,_0
008-085.40_pic1.jpeg,_0
008-081.26_pic5.jpeg,_0
008-085.36_pic1.jpeg,_0
008-081.24_pic5.jpeg,_1
008-081.23_pic3.jpeg,_0
008-081.22_pic1.jpeg,_0
008-079.02_pic0.jpeg,_1
008-079.03_pic3.jpeg,_0
008-081.20_pic5.jpeg,_0
008-079.05_pic3.jpeg,_0
008-079.06_pic5.jpeg,_0
008-079.09_pic4.jpeg,_0
008-079.11_pic4.jpeg,_0
008-080.01_pic0.jpeg,_0
008-079.15_pic4.jpeg,_0
008-080.41_pic2.jpeg,_0
008-080.40_pic5.jpeg,_0
008-078.57_pic1.jpeg,_0
008-080.36_pic4.jpeg,_0
008-080.37_pic4.jpeg,_0
008-079.18_pic3.jpeg,_0
008-079.19_pic1.jpeg,_0
008-080.34_pic5.jpeg,_0
008-079.21_pic3.jpeg,_0
008-079.22_pic2.jpeg,_0
008-080.29_pic1.jpeg,_0
008-079.25_pic1.jpeg,_0
008-080.24_pic2.jpeg,_1
008-079.01_pic1.jpeg,_0
008-079.50_pic0.jpeg,_0
008-078.07_pic5.jpeg,_0
008-078.09_pic0.jpeg,_0
008-078.12_pic0.jpeg,_0
008-079.44_pic5.jpeg,_0
008-079.43_pic3.jpeg,_0
008-078.58_pic1.jpeg,_0
008-079.40_pic4.jpeg,_0
008-079.39_pic3.jpeg,_0
008-078.02_pic2.jpeg,_0
008-079.37_pic4.jpeg,_0
008-079.34_pic1.jpeg,_0
008-079.33_pic3.jpeg,_0
008-079.32_pic1.jpeg,_0
008-079.30_pic0.jpeg,_0
008-079.28_pic2.jpeg,_0
008-079.26_pic0.jpeg,_0
008-078.53_pic4.jpeg,_0
008-078.51_pic2.jpeg,_0
008-078.48_pic0.jpeg,_0
008-078.42_pic3.jpeg,_0
008-078.39_pic0.jpeg,_0
008-078.38_pic4.jpeg,_0
008-078.34_pic1.jpeg,_1
008-078.32_pic4.jpeg,_1
008-077.06_pic4.jpeg,_1
008-077.10_pic1.jpeg,_0
008-077.12_pic4.jpeg,_0
008-077.14_pic2.jpeg,_2
008-077.17_pic5.jpeg,_0
008-077.19_pic3.jpeg,_0
008-077.22_pic4.jpeg,_0
008-077.02_pic4.jpeg,_0
008-077.01_pic1.jpeg,_0
008-077.49_pic0.jpeg,_0
008-077.47_pic4.jpeg,_0
008-077.45_pic5.jpeg,_0
008-077.43_pic3.jpeg,_0
008-077.41_pic3.jpeg,_0
008-077.39_pic2.jpeg,_0
008-077.52_pic2.jpeg,_0
008-077.35_pic0.jpeg,_0
008-077.32_pic0.jpeg,_0
008-077.30_pic5.jpeg,_0
001-103.14_pic4.jpeg,_0
008-004.08_pic2.jpeg,_1
008-008.10_pic1.jpeg,_0
008-008.05_pic5.jpeg,_0
008-004.04_pic4.jpeg,_0
008-004.10_pic4.jpeg,_1
008-141.18_pic1.jpeg,_0
008-141.16_pic2.jpeg,_0
008-004.12_pic0.jpeg,_0
001-103.05_pic0.jpeg,_0
001-102.13_pic5.jpeg,_0
001-103.19_pic2.jpeg,_0
001-102.10_pic0.jpeg,_0
001-103.12_pic5.jpeg,_0
001-102.09_pic1.jpeg,_0
001-102.08_pic4.jpeg,_0
001-102.15_pic4.jpeg,_0
001-102.23_pic1.jpeg,_0
001-103.20_pic5.jpeg,_0
001-103.22_pic2.jpeg,_0
001-102.22_pic5.jpeg,_0
001-102.26_pic1.jpeg,_0
001-102.02_pic3.jpeg,_0
001-103.16_pic2.jpeg,_1
001-102.29_pic0.jpeg,_0
001-103.08_pic1.jpeg,_0
001-093.06_pic2.jpeg,_0
001-110.06_pic2.jpeg,_0
001-094.17_pic5.jpeg,_0
001-109.13_pic2.jpeg,_0
001-109.20_pic2.jpeg,_0
001-094.23_pic3.jpeg,_0
001-094.28_pic0.jpeg,_0
001-093.17_pic1.jpeg,_1
001-093.14_pic5.jpeg,_1
007-080.03_pic3.jpeg,_1
007-080.06_pic4.jpeg,_1
007-080.01_pic3.jpeg,_0
007-265.04_pic0.jpeg,_2
007-265.07_pic2.jpeg,_0
007-077.02_pic0.jpeg,_0
007-077.14_pic0.jpeg,_0
007-077.11_pic3.jpeg,_0
007-242.13_pic1.jpeg,_0
007-076.24_pic4.jpeg,_1
007-242.07_pic0.jpeg,_1
007-242.02_pic3.jpeg,_1
007-043.14_pic2.jpeg,_1
007-041.05_pic4.jpeg,_0
007-041.08_pic2.jpeg,_0
007-041.10_pic0.jpeg,_1
007-041.11_pic5.jpeg,_0
007-041.13_pic1.jpeg,_0
007-043.29_pic0.jpeg,_0
007-041.16_pic2.jpeg,_0
007-263.02_pic1.jpeg,_2
007-042.06_pic1.jpeg,_0
007-042.02_pic0.jpeg,_1
007-042.13_pic5.jpeg,_0
007-042.23_pic3.jpeg,_0
007-042.17_pic3.jpeg,_0
007-273.10_pic5.jpeg,_1
007-189.04_pic5.jpeg,_0
007-043.17_pic2.jpeg,_0
007-189.01_pic0.jpeg,_0
007-189.11_pic0.jpeg,_0
007-005.06_pic0.jpeg,_0
007-189.17_pic0.jpeg,_0
007-189.16_pic5.jpeg,_0
007-299.02_pic2.jpeg,_0
007-032.36_pic0.jpeg,_0
007-032.27_pic0.jpeg,_0
007-032.30_pic1.jpeg,_0
007-031.18_pic0.jpeg,_0
007-032.09_pic0.jpeg,_0
007-032.08_pic5.jpeg,_0
007-033.11_pic1.jpeg,_0
007-032.06_pic3.jpeg,_2
007-032.14_pic2.jpeg,_0
007-031.27_pic3.jpeg,_0
007-031.11_pic1.jpeg,_0
007-298.10_pic0.jpeg,_0
007-298.14_pic4.jpeg,_2
007-297.21_pic0.jpeg,_0
007-033.03_pic5.jpeg,_0
007-031.04_pic1.jpeg,_0
007-033.08_pic0.jpeg,_0
007-284.21_pic1.jpeg,_0
007-199.07_pic2.jpeg,_1
007-003.15_pic0.jpeg,_0
007-003.13_pic2.jpeg,_0
007-282.09_pic0.jpeg,_0
007-003.11_pic3.jpeg,_1
007-003.23_pic1.jpeg,_0
007-003.26_pic5.jpeg,_0
007-005.08_pic5.jpeg,_1
001-081.24_pic1.jpeg,_0
001-077.20_pic5.jpeg,_0
007-005.02_pic4.jpeg,_0
007-005.14_pic3.jpeg,_0
007-005.12_pic0.jpeg,_0
007-003.03_pic4.jpeg,_0
007-003.30_pic5.jpeg,_0
007-005.20_pic3.jpeg,_0
007-283.01_pic3.jpeg,_0
007-283.06_pic4.jpeg,_0
307-153.07_pic1.jpeg,_1
307-124.27_pic1.jpeg,_0
307-129.03_pic1.jpeg,_1
307-129.16_pic0.jpeg,_0
307-129.15_pic3.jpeg,_0
001-081.36_pic4.jpeg,_1
001-081.43_pic2.jpeg,_0
001-079.23_pic3.jpeg,_0
001-081.06_pic2.jpeg,_0
001-080.07_pic5.jpeg,_2
001-080.11_pic5.jpeg,_0
001-080.09_pic4.jpeg,_0
307-124.19_pic1.jpeg,_0
001-082.10_pic0.jpeg,_0
001-082.03_pic5.jpeg,_0
001-081.03_pic1.jpeg,_0
001-080.04_pic5.jpeg,_0
001-079.10_pic0.jpeg,_0
001-079.19_pic2.jpeg,_2
001-082.14_pic2.jpeg,_2
001-079.04_pic2.jpeg,_1
001-081.34_pic4.jpeg,_0
001-081.32_pic3.jpeg,_1
001-080.27_pic1.jpeg,_1
001-079.03_pic4.jpeg,_1
001-079.02_pic3.jpeg,_1
001-071.06_pic1.jpeg,_0
001-078.03_pic2.jpeg,_0
001-079.01_pic5.jpeg,_2
001-072.06_pic4.jpeg,_1
001-079.31_pic4.jpeg,_0
001-079.33_pic2.jpeg,_0
001-072.07_pic2.jpeg,_0
001-078.02_pic2.jpeg,_0
001-078.16_pic1.jpeg,_0
001-073.07_pic4.jpeg,_0
307-130.07_pic5.jpeg,_1
001-073.06_pic1.jpeg,_0
001-073.08_pic1.jpeg,_0
001-071.07_pic5.jpeg,_2
001-075.05_pic3.jpeg,_0
001-072.04_pic1.jpeg,_1
001-076.15_pic0.jpeg,_0
001-073.03_pic0.jpeg,_0
001-071.11_pic4.jpeg,_0
001-071.10_pic3.jpeg,_0
001-076.04_pic5.jpeg,_1
307-124.23_pic5.jpeg,_1
001-075.03_pic1.jpeg,_1
001-077.03_pic0.jpeg,_0
001-073.01_pic4.jpeg,_0
001-073.16_pic1.jpeg,_0
001-075.10_pic2.jpeg,_0
001-077.01_pic2.jpeg,_2
011-239.12_pic0.jpeg,_1
011-221.06_pic2.jpeg,_1
011-238.13_pic2.jpeg,_0
011-238.08_pic5.jpeg,_1
011-238.14_pic2.jpeg,_1
011-238.17_pic1.jpeg,_1
011-239.05_pic3.jpeg,_2
011-229.05_pic0.jpeg,_0
011-242.09_pic3.jpeg,_0
011-239.23_pic5.jpeg,_0
011-242.10_pic3.jpeg,_0
011-239.03_pic1.jpeg,_1
011-240.09_pic4.jpeg,_0
011-229.09_pic1.jpeg,_0
011-240.07_pic5.jpeg,_2
011-229.11_pic2.jpeg,_0
011-242.07_pic1.jpeg,_1
011-229.12_pic3.jpeg,_0
011-239.02_pic5.jpeg,_1
011-242.06_pic3.jpeg,_2
011-239.22_pic1.jpeg,_0
011-229.24_pic3.jpeg,_0
011-239.18_pic3.jpeg,_1
011-240.11_pic1.jpeg,_2
011-240.05_pic5.jpeg,_1
011-229.25_pic3.jpeg,_0
011-229.21_pic2.jpeg,_1
011-228.08_pic3.jpeg,_0
011-228.17_pic1.jpeg,_0
011-228.18_pic5.jpeg,_1
011-240.23_pic3.jpeg,_0
011-240.03_pic5.jpeg,_0
011-240.18_pic3.jpeg,_0
011-227.08_pic2.jpeg,_0
011-220.05_pic0.jpeg,_0
011-240.20_pic0.jpeg,_1
011-220.02_pic4.jpeg,_0
011-220.21_pic5.jpeg,_0
011-227.10_pic5.jpeg,_0
011-220.20_pic4.jpeg,_1
011-242.17_pic3.jpeg,_0
011-242.23_pic0.jpeg,_0
011-220.09_pic5.jpeg,_2
011-242.22_pic3.jpeg,_0
011-221.08_pic2.jpeg,_1
011-220.12_pic0.jpeg,_0
011-227.28_pic1.jpeg,_0
011-220.13_pic4.jpeg,_0
011-227.04_pic3.jpeg,_0
011-220.14_pic4.jpeg,_0
011-227.02_pic0.jpeg,_1
011-221.07_pic4.jpeg,_1
011-221.13_pic0.jpeg,_1
011-243.09_pic0.jpeg,_0
011-221.14_pic4.jpeg,_0
011-221.05_pic3.jpeg,_0
011-227.15_pic0.jpeg,_0
011-243.17_pic3.jpeg,_0
011-222.10_pic2.jpeg,_1
011-221.16_pic1.jpeg,_0
011-226.07_pic1.jpeg,_1
011-227.18_pic5.jpeg,_0
011-243.14_pic2.jpeg,_0
011-227.19_pic5.jpeg,_0
011-244.02_pic0.jpeg,_0
011-221.17_pic1.jpeg,_1
011-222.17_pic2.jpeg,_0
011-223.16_pic5.jpeg,_1
011-198.26_pic1.jpeg,_1
011-221.01_pic3.jpeg,_0
011-198.08_pic4.jpeg,_0
011-222.14_pic2.jpeg,_1
011-243.05_pic3.jpeg,_0
011-226.12_pic1.jpeg,_0
011-243.20_pic1.jpeg,_0
011-243.04_pic0.jpeg,_1
011-223.17_pic0.jpeg,_1
011-198.11_pic4.jpeg,_0
011-146.08_pic4.jpeg,_2
011-198.24_pic0.jpeg,_1
011-222.19_pic2.jpeg,_1
011-222.04_pic1.jpeg,_0
011-243.22_pic1.jpeg,_0
011-198.04_pic5.jpeg,_0
011-146.09_pic4.jpeg,_1
011-146.10_pic0.jpeg,_0
011-243.26_pic4.jpeg,_0
011-146.12_pic5.jpeg,_0
011-223.08_pic4.jpeg,_1
011-198.15_pic3.jpeg,_0
011-223.15_pic4.jpeg,_2
011-223.20_pic3.jpeg,_1
011-223.07_pic5.jpeg,_0
011-146.11_pic0.jpeg,_0
011-146.16_pic3.jpeg,_0
011-147.07_pic4.jpeg,_2
011-147.24_pic0.jpeg,_1
011-147.12_pic0.jpeg,_0
011-147.09_pic5.jpeg,_0
011-147.11_pic3.jpeg,_0
011-147.08_pic2.jpeg,_0
011-147.14_pic0.jpeg,_1
011-145.07_pic1.jpeg,_0
011-147.02_pic0.jpeg,_2
011-148.04_pic2.jpeg,_1
011-145.06_pic2.jpeg,_0
011-147.01_pic0.jpeg,_0
011-147.22_pic2.jpeg,_1
011-145.05_pic4.jpeg,_0
011-147.19_pic1.jpeg,_0
011-149.05_pic0.jpeg,_2
011-147.18_pic2.jpeg,_1
011-149.20_pic5.jpeg,_0
011-149.09_pic5.jpeg,_0
011-145.03_pic3.jpeg,_0
011-145.04_pic3.jpeg,_0
011-149.04_pic0.jpeg,_0
011-145.17_pic1.jpeg,_1
011-145.02_pic4.jpeg,_2
011-149.02_pic0.jpeg,_0
011-148.12_pic5.jpeg,_0
011-145.18_pic2.jpeg,_0
011-148.15_pic0.jpeg,_2
011-150.07_pic3.jpeg,_0
011-150.08_pic1.jpeg,_0
011-144.07_pic2.jpeg,_0
011-144.04_pic2.jpeg,_0
011-144.08_pic4.jpeg,_0
011-151.23_pic3.jpeg,_0
011-143.08_pic2.jpeg,_0
011-145.20_pic2.jpeg,_0
011-144.02_pic0.jpeg,_0
011-143.04_pic2.jpeg,_0
011-144.12_pic0.jpeg,_0
011-151.02_pic4.jpeg,_0
011-150.14_pic5.jpeg,_0
011-142.07_pic2.jpeg,_0
011-142.03_pic1.jpeg,_0
011-142.06_pic1.jpeg,_0
011-142.08_pic4.jpeg,_2
011-142.02_pic2.jpeg,_0
011-142.09_pic0.jpeg,_0
011-151.14_pic5.jpeg,_0
011-078.06_pic1.jpeg,_0
011-142.10_pic3.jpeg,_0
011-141.03_pic5.jpeg,_0
011-081.09_pic0.jpeg,_1
011-141.02_pic4.jpeg,_0
011-078.08_pic4.jpeg,_0
011-141.10_pic2.jpeg,_0
011-081.07_pic1.jpeg,_2
011-081.13_pic1.jpeg,_0
011-141.14_pic1.jpeg,_0
011-140.01_pic1.jpeg,_0
011-082.06_pic0.jpeg,_0
011-081.05_pic4.jpeg,_0
011-084.08_pic5.jpeg,_0
011-084.07_pic3.jpeg,_0
011-081.03_pic0.jpeg,_1
011-082.02_pic1.jpeg,_0
011-075.29_pic2.jpeg,_2
011-074.12_pic0.jpeg,_0
002-013.18_pic5.jpeg,_0
011-078.20_pic0.jpeg,_0
011-078.28_pic0.jpeg,_2
011-075.28_pic3.jpeg,_0
011-081.17_pic1.jpeg,_0
011-075.12_pic4.jpeg,_0
011-079.05_pic5.jpeg,_0
002-030.12_pic1.jpeg,_1
002-031.04_pic4.jpeg,_0
011-080.12_pic0.jpeg,_0
002-030.25_pic0.jpeg,_0
011-080.13_pic5.jpeg,_1
002-031.08_pic3.jpeg,_1
011-075.26_pic2.jpeg,_0
002-031.11_pic2.jpeg,_0
011-075.16_pic3.jpeg,_1
011-075.17_pic5.jpeg,_1
011-075.23_pic5.jpeg,_0
002-034.05_pic1.jpeg,_2
011-075.18_pic1.jpeg,_2
011-075.25_pic5.jpeg,_1
002-032.09_pic2.jpeg,_1
002-034.09_pic1.jpeg,_1
002-019.17_pic3.jpeg,_1
002-021.07_pic0.jpeg,_1
002-116.30_pic4.jpeg,_1
002-035.03_pic1.jpeg,_0
011-074.03_pic2.jpeg,_0
011-074.04_pic1.jpeg,_0
002-035.15_pic5.jpeg,_0
002-019.09_pic0.jpeg,_0
011-074.02_pic5.jpeg,_1
002-035.01_pic0.jpeg,_1
002-035.06_pic5.jpeg,_2
002-035.20_pic2.jpeg,_0
002-035.18_pic4.jpeg,_1
011-073.03_pic2.jpeg,_1
002-035.08_pic3.jpeg,_0
011-074.11_pic1.jpeg,_0
011-073.04_pic3.jpeg,_1
002-021.15_pic1.jpeg,_0
011-073.06_pic0.jpeg,_2
002-021.14_pic5.jpeg,_1
002-019.11_pic2.jpeg,_0
002-013.08_pic0.jpeg,_1
002-012.09_pic3.jpeg,_1
002-012.08_pic2.jpeg,_0
002-013.07_pic5.jpeg,_0
002-012.13_pic2.jpeg,_0
011-036.08_pic0.jpeg,_0
011-036.16_pic0.jpeg,_0
011-036.17_pic4.jpeg,_0
011-036.15_pic0.jpeg,_1
011-036.07_pic4.jpeg,_0
002-012.06_pic0.jpeg,_1
002-014.15_pic3.jpeg,_0
011-036.20_pic0.jpeg,_0
002-015.08_pic5.jpeg,_0
011-036.23_pic2.jpeg,_0
002-014.06_pic0.jpeg,_0
011-036.32_pic5.jpeg,_0
002-013.15_pic1.jpeg,_1
002-020.27_pic1.jpeg,_0
002-020.23_pic0.jpeg,_0
002-020.33_pic5.jpeg,_0
002-012.20_pic2.jpeg,_0
002-015.14_pic5.jpeg,_0
002-012.26_pic2.jpeg,_0
011-226.10_pic1.jpeg,_0
011-078.16_pic5.jpeg,_0
011-078.13_pic4.jpeg,_0
002-013.01-2_pic4.jpeg,_1
011-074.07-1_pic1.jpeg,_1
010-113.04_pic0.jpeg,_0
010-100.08_pic2.jpeg,_0
010-113.05_pic4.jpeg,_0
010-114.02_pic2.jpeg,_0
010-113.01_pic4.jpeg,_1
010-114.11_pic1.jpeg,_0
010-100.12_pic0.jpeg,_0
010-100.06_pic4.jpeg,_0
010-114.14_pic4.jpeg,_1
010-100.04_pic0.jpeg,_0
010-097.09_pic2.jpeg,_0
010-096.04_pic2.jpeg,_0
010-077.05_pic5.jpeg,_0
010-065.14_pic0.jpeg,_0
027-141.12_pic5.jpeg,_0
010-100.01_pic0.jpeg,_0
010-097.11_pic4.jpeg,_1
010-100.15_pic3.jpeg,_0
027-179.08_pic0.jpeg,_0
010-100.26_pic0.jpeg,_0
010-096.14_pic4.jpeg,_0
010-096.13_pic5.jpeg,_1
027-179.05_pic0.jpeg,_0
010-100.16_pic2.jpeg,_0
010-100.17_pic3.jpeg,_0
027-179.11_pic5.jpeg,_0
010-097.06_pic5.jpeg,_0
010-100.19_pic0.jpeg,_0
010-096.12_pic4.jpeg,_0
010-100.20_pic3.jpeg,_0
027-179.04_pic1.jpeg,_0
010-097.17_pic1.jpeg,_1
010-097.19_pic1.jpeg,_0
010-096.05_pic3.jpeg,_0
010-099.01_pic5.jpeg,_1
010-095.09_pic5.jpeg,_0
027-169.08_pic2.jpeg,_1
027-179.13_pic3.jpeg,_0
010-097.04_pic2.jpeg,_0
027-179.02_pic0.jpeg,_0
010-094.18_pic3.jpeg,_0
010-097.22_pic2.jpeg,_0
010-097.03_pic1.jpeg,_0
010-085.01_pic0.jpeg,_0
027-169.07_pic0.jpeg,_0
010-096.18_pic5.jpeg,_0
010-097.02_pic2.jpeg,_1
010-096.19_pic5.jpeg,_0
027-169.10_pic2.jpeg,_0
010-097.27_pic2.jpeg,_0
010-094.16_pic4.jpeg,_1
027-169.06_pic3.jpeg,_0
010-097.29_pic1.jpeg,_0
010-085.04_pic5.jpeg,_0
010-097.30_pic3.jpeg,_0
010-097.31_pic5.jpeg,_0
010-097.01_pic3.jpeg,_1
010-096.02_pic2.jpeg,_0
010-085.07_pic0.jpeg,_0
027-169.05_pic5.jpeg,_0
010-095.21_pic5.jpeg,_1
027-179.19_pic0.jpeg,_1
010-094.22_pic5.jpeg,_0
010-096.23_pic4.jpeg,_0
027-169.12_pic4.jpeg,_0
010-094.12_pic1.jpeg,_1
027-170.04_pic0.jpeg,_0
027-170.10_pic1.jpeg,_0
010-094.23_pic2.jpeg,_0
010-094.15_pic0.jpeg,_0
010-086.10_pic5.jpeg,_2
010-094.14_pic4.jpeg,_0
010-095.23_pic3.jpeg,_0
010-095.03_pic3.jpeg,_1
010-087.08_pic0.jpeg,_0
010-086.11_pic1.jpeg,_0
010-096.01_pic3.jpeg,_0
010-094.07_pic3.jpeg,_1
010-088.24_pic4.jpeg,_2
010-094.26_pic0.jpeg,_0
010-088.13_pic4.jpeg,_0
010-095.26_pic1.jpeg,_0
010-087.21_pic0.jpeg,_0
010-094.05_pic0.jpeg,_0
027-170.19_pic0.jpeg,_0
010-087.06_pic4.jpeg,_0
010-087.11_pic3.jpeg,_0
010-081.07_pic5.jpeg,_1
010-087.09_pic4.jpeg,_1
010-081.15_pic2.jpeg,_1
010-095.31_pic1.jpeg,_0
010-081.13_pic0.jpeg,_1
010-088.07_pic2.jpeg,_0
010-088.06_pic1.jpeg,_0
027-170.15_pic4.jpeg,_0
010-081.12_pic0.jpeg,_0
010-094.30_pic0.jpeg,_1
010-081.05_pic4.jpeg,_0
027-169.18_pic5.jpeg,_0
010-094.32_pic0.jpeg,_0
010-087.23_pic3.jpeg,_0
010-094.33_pic1.jpeg,_1
027-146.18_pic0.jpeg,_0
010-081.04_pic0.jpeg,_1
010-087.25_pic2.jpeg,_0
010-088.10_pic4.jpeg,_0
027-146.17_pic5.jpeg,_0
027-169.22_pic1.jpeg,_1
010-088.16_pic3.jpeg,_1
010-088.18_pic5.jpeg,_0
010-079.07_pic3.jpeg,_0
010-089.08_pic2.jpeg,_0
010-079.13_pic0.jpeg,_0
010-089.06_pic0.jpeg,_0
027-146.07_pic0.jpeg,_0
010-089.09_pic2.jpeg,_0
010-089.24_pic0.jpeg,_0
010-081.19_pic2.jpeg,_1
010-088.17_pic0.jpeg,_1
010-080.08_pic4.jpeg,_0
010-089.05_pic1.jpeg,_2
027-146.15_pic1.jpeg,_0
010-078.15_pic0.jpeg,_0
027-146.10_pic1.jpeg,_0
010-089.16_pic3.jpeg,_1
027-145.04_pic0.jpeg,_0
010-080.04_pic3.jpeg,_1
027-150.16_pic5.jpeg,_0
010-080.05_pic1.jpeg,_0
027-146.12_pic0.jpeg,_0
027-150.08_pic3.jpeg,_0
010-088.01_pic4.jpeg,_0
010-077.19_pic0.jpeg,_0
027-145.02_pic5.jpeg,_0
010-090.06_pic5.jpeg,_0
010-089.03_pic4.jpeg,_1
010-079.17_pic0.jpeg,_0
010-090.09_pic4.jpeg,_0
010-090.05_pic1.jpeg,_1
010-090.16_pic1.jpeg,_0
010-089.22_pic3.jpeg,_0
010-089.17_pic3.jpeg,_0
027-150.09_pic2.jpeg,_1
010-077.14_pic0.jpeg,_0
010-089.02_pic5.jpeg,_0
010-077.13_pic5.jpeg,_0
010-090.04_pic3.jpeg,_0
010-077.18_pic4.jpeg,_0
010-079.21_pic3.jpeg,_1
027-145.24_pic3.jpeg,_0
010-089.20_pic2.jpeg,_0
027-150.17_pic0.jpeg,_1
010-077.15_pic0.jpeg,_0
010-079.25_pic3.jpeg,_0
027-145.25_pic4.jpeg,_0
010-079.27_pic1.jpeg,_1
010-079.28_pic0.jpeg,_0
027-145.27_pic5.jpeg,_0
027-148.10_pic4.jpeg,_0
010-064.09_pic2.jpeg,_0
027-149.03_pic3.jpeg,_1
010-077.07_pic4.jpeg,_0
010-076.11_pic4.jpeg,_1
010-077.10_pic0.jpeg,_0
010-078.24_pic3.jpeg,_0
010-076.19_pic5.jpeg,_0
027-150.13_pic2.jpeg,_1
010-078.26_pic5.jpeg,_0
027-149.08_pic3.jpeg,_0
010-064.13_pic4.jpeg,_0
027-148.08_pic0.jpeg,_0
027-150.14_pic1.jpeg,_0
010-090.24_pic2.jpeg,_0
010-064.15_pic0.jpeg,_0
027-150.01_pic4.jpeg,_0
027-149.02_pic1.jpeg,_0
010-078.32_pic0.jpeg,_0
010-064.16_pic1.jpeg,_1
010-064.17_pic3.jpeg,_0
027-149.06_pic4.jpeg,_0
027-149.07_pic5.jpeg,_0
010-076.13_pic1.jpeg,_0
010-077.21_pic5.jpeg,_1
010-076.10_pic3.jpeg,_0
010-077.22_pic4.jpeg,_0
010-076.08_pic0.jpeg,_0
027-142.05_pic0.jpeg,_0
010-064.21_pic4.jpeg,_0
010-076.06_pic3.jpeg,_0
010-077.24_pic0.jpeg,_0
010-075.14_pic1.jpeg,_1
027-142.06_pic5.jpeg,_0
010-064.02_pic3.jpeg,_0
010-065.12_pic4.jpeg,_0
010-065.11_pic1.jpeg,_0
010-065.08_pic0.jpeg,_1
010-064.26_pic0.jpeg,_1
010-075.06_pic0.jpeg,_0
010-064.27_pic4.jpeg,_0
027-142.31_pic4.jpeg,_0
010-066.16_pic0.jpeg,_0
010-075.11_pic0.jpeg,_1
010-065.23_pic2.jpeg,_0
027-142.29_pic4.jpeg,_0
010-075.09_pic0.jpeg,_0
010-066.07_pic4.jpeg,_0
027-140.12_pic5.jpeg,_1
010-076.21_pic0.jpeg,_0
010-066.12_pic0.jpeg,_0
010-066.05_pic5.jpeg,_0
010-066.11_pic3.jpeg,_0
010-065.25_pic3.jpeg,_0
010-066.09_pic0.jpeg,_0
027-142.10_pic4.jpeg,_2
010-076.18_pic5.jpeg,_0
027-140.14_pic0.jpeg,_0
010-066.04_pic2.jpeg,_0
027-141.11_pic0.jpeg,_0
027-143.10_pic0.jpeg,_0
010-065.31_pic1.jpeg,_0
010-075.16_pic1.jpeg,_0
010-065.32_pic1.jpeg,_0
010-061.12_pic3.jpeg,_0
027-141.09_pic1.jpeg,_1
027-141.14_pic5.jpeg,_0
027-142.16_pic1.jpeg,_0
010-061.10_pic1.jpeg,_1
010-061.22_pic0.jpeg,_1
027-140.16_pic3.jpeg,_0
010-075.19_pic4.jpeg,_1
010-075.20_pic1.jpeg,_0
027-141.05_pic1.jpeg,_0
027-144.08_pic5.jpeg,_1
010-066.21_pic1.jpeg,_1
010-069.14_pic0.jpeg,_0
027-141.04_pic1.jpeg,_0
027-142.23_pic5.jpeg,_0
010-067.03_pic3.jpeg,_0
027-144.07_pic0.jpeg,_0
027-141.18_pic5.jpeg,_2
010-066.24_pic3.jpeg,_0
010-060.20_pic3.jpeg,_0
010-070.23_pic4.jpeg,_1
027-143.14_pic2.jpeg,_0
010-069.06_pic1.jpeg,_1
010-061.02_pic1.jpeg,_0
010-061.15_pic3.jpeg,_0
010-060.16_pic5.jpeg,_0
010-061.16_pic5.jpeg,_1
010-060.15_pic3.jpeg,_0
010-061.17_pic1.jpeg,_0
027-141.02_pic0.jpeg,_0
010-061.18_pic3.jpeg,_0
027-141.23_pic0.jpeg,_0
027-143.15_pic1.jpeg,_0
027-141.24_pic5.jpeg,_0
027-141.25_pic4.jpeg,_0
010-061.21_pic2.jpeg,_0
027-143.17_pic2.jpeg,_0
010-069.16_pic0.jpeg,_1
010-067.16_pic0.jpeg,_0
010-067.17_pic0.jpeg,_0
010-067.18_pic0.jpeg,_0
010-059.22_pic3.jpeg,_0
010-059.20_pic1.jpeg,_0
010-060.05_pic4.jpeg,_0
010-067.21_pic3.jpeg,_1
010-070.03_pic2.jpeg,_0
027-143.22_pic5.jpeg,_0
010-070.12_pic4.jpeg,_0
010-069.17_pic3.jpeg,_0
027-143.25_pic0.jpeg,_0
010-059.10_pic0.jpeg,_0
010-046.02_pic5.jpeg,_0
010-047.16_pic4.jpeg,_0
027-101.13_pic2.jpeg,_0
010-057.12_pic0.jpeg,_0
010-056.16_pic2.jpeg,_0
027-100.24_pic2.jpeg,_0
027-143.26_pic0.jpeg,_1
010-059.09_pic4.jpeg,_1
010-070.06_pic3.jpeg,_1
010-060.31_pic1.jpeg,_0
010-046.04_pic2.jpeg,_0
010-069.02_pic3.jpeg,_0
010-060.32_pic4.jpeg,_0
010-060.33_pic3.jpeg,_0
010-069.18_pic2.jpeg,_0
010-069.19_pic2.jpeg,_0
010-070.14_pic0.jpeg,_0
010-069.22_pic2.jpeg,_0
010-059.04_pic1.jpeg,_0
027-144.17_pic0.jpeg,_1
010-058.12_pic4.jpeg,_0
010-059.15_pic4.jpeg,_0
027-101.08_pic2.jpeg,_0
010-059.16_pic0.jpeg,_0
027-101.07_pic4.jpeg,_0
010-070.17_pic0.jpeg,_0
010-070.18_pic4.jpeg,_0
010-059.18_pic4.jpeg,_0
010-047.03_pic5.jpeg,_1
027-101.03_pic4.jpeg,_0
010-070.22_pic3.jpeg,_1
010-046.01_pic2.jpeg,_1
010-070.01_pic2.jpeg,_0
010-047.02_pic4.jpeg,_0
010-057.07_pic1.jpeg,_0
010-058.15_pic5.jpeg,_1
010-057.06_pic3.jpeg,_0
010-047.15_pic0.jpeg,_0
010-048.12_pic3.jpeg,_0
027-100.08_pic3.jpeg,_0
010-056.11_pic0.jpeg,_0
010-048.09_pic0.jpeg,_0
010-047.17_pic5.jpeg,_1
010-047.18_pic3.jpeg,_0
027-100.16_pic0.jpeg,_0
027-100.05_pic4.jpeg,_0
027-100.04_pic3.jpeg,_1
010-048.06_pic0.jpeg,_0
027-100.17_pic1.jpeg,_1
027-100.18_pic0.jpeg,_0
010-056.09_pic2.jpeg,_0
027-100.23_pic0.jpeg,_0
010-056.06_pic4.jpeg,_1
010-049.12_pic5.jpeg,_1
010-048.23_pic3.jpeg,_0
010-057.14_pic3.jpeg,_0
010-048.16_pic5.jpeg,_0
027-096.04_pic4.jpeg,_0
010-049.09_pic2.jpeg,_0
027-096.11_pic1.jpeg,_0
010-049.08_pic4.jpeg,_0
010-048.19_pic5.jpeg,_1
010-056.22_pic5.jpeg,_2
010-049.13_pic2.jpeg,_0
010-049.01_pic5.jpeg,_1
010-044.06_pic0.jpeg,_1
010-044.15_pic4.jpeg,_0
010-044.16_pic3.jpeg,_0
027-098.05_pic1.jpeg,_0
010-044.28_pic4.jpeg,_0
010-044.02_pic2.jpeg,_0
027-097.01_pic5.jpeg,_0
010-044.01_pic0.jpeg,_0
027-098.14_pic0.jpeg,_0
027-098.15_pic4.jpeg,_0
027-064.10_pic2.jpeg,_0
027-098.23_pic0.jpeg,_0
027-058.04_pic4.jpeg,_0
027-064.16_pic5.jpeg,_0
027-064.07_pic4.jpeg,_0
010-029.20_pic4.jpeg,_0
010-028.12_pic2.jpeg,_0
010-028.20_pic3.jpeg,_1
027-061.05_pic5.jpeg,_0
027-061.03_pic4.jpeg,_0
010-028.27_pic4.jpeg,_0
010-027.10_pic3.jpeg,_0
010-027.05_pic0.jpeg,_0
010-027.03_pic5.jpeg,_0
027-059.07_pic5.jpeg,_0
027-020.14_pic3.jpeg,_0
027-020.17_pic2.jpeg,_0
045-506.49_pic5.jpeg,_0
045-172.29_pic5.jpeg,_0
045-508.13_pic0.jpeg,_0
045-171.05_pic0.jpeg,_0
045-508.30_pic3.jpeg,_0
045-171.20_pic2.jpeg,_0
045-508.33_pic0.jpeg,_0
045-506.26_pic5.jpeg,_0
045-506.29_pic0.jpeg,_0
045-505.30_pic2.jpeg,_0
045-504.13_pic5.jpeg,_0
045-150.02_pic2.jpeg,_0
045-151.29_pic0.jpeg,_0
045-154.14_pic5.jpeg,_0
045-173.21_pic4.jpeg,_0
045-171.10_pic2.jpeg,_0
045-173.04_pic2.jpeg,_0
045-172.04_pic4.jpeg,_0
045-148.42_pic0.jpeg,_0
045-149.13_pic0.jpeg,_0
045-148.27_pic4.jpeg,_0
045-149.26_pic0.jpeg,_0
045-149.28_pic0.jpeg,_0
045-148.03_pic0.jpeg,_0
045-150.29_pic2.jpeg,_0
045-149.31_pic4.jpeg,_0
045-149.33_pic0.jpeg,_0
045-151.07_pic0.jpeg,_0
045-180.13_pic0.jpeg,_0
045-180.21_pic0.jpeg,_0
045-181.01_pic2.jpeg,_0
045-145.02_pic3.jpeg,_0
045-145.06_pic3.jpeg,_0
045-147.10_pic0.jpeg,_0
045-148.41_pic1.jpeg,_0
045-765.06_pic0.jpeg,_0
045-149.14_pic3.jpeg,_0
045-149.20_pic4.jpeg,_0
045-147.20_pic1.jpeg,_0
045-177.05_pic0.jpeg,_0
045-723.18_pic0.jpeg,_0
045-176.09_pic0.jpeg,_0
045-176.14_pic0.jpeg,_0
045-723.15_pic1.jpeg,_0
045-725.03_pic4.jpeg,_0
045-177.01_pic1.jpeg,_0
045-725.10_pic3.jpeg,_0
045-175.10_pic0.jpeg,_0
045-723.29_pic0.jpeg,_0
045-723.07_pic5.jpeg,_0
045-725.08_pic2.jpeg,_0
045-723.34_pic4.jpeg,_0
045-179.29_pic5.jpeg,_0
045-179.31_pic0.jpeg,_0
045-179.32_pic4.jpeg,_0
045-178.05_pic4.jpeg,_0
045-731.21_pic0.jpeg,_0
045-731.26_pic2.jpeg,_0
045-731.08_pic2.jpeg,_0
045-731.03_pic5.jpeg,_0
045-728.16_pic2.jpeg,_0
045-728.14_pic0.jpeg,_0
045-728.21_pic1.jpeg,_0
045-728.25_pic0.jpeg,_0
045-729.14_pic3.jpeg,_0
045-730.15_pic3.jpeg,_0
045-728.26_pic0.jpeg,_0
045-729.13_pic0.jpeg,_0
045-729.11_pic2.jpeg,_0
045-729.36_pic5.jpeg,_0
045-728.28_pic0.jpeg,_0
045-728.09_pic3.jpeg,_0
045-730.18_pic2.jpeg,_0
045-728.07_pic2.jpeg,_0
045-730.30_pic2.jpeg,_0
045-730.06_pic0.jpeg,_0
045-729.32_pic1.jpeg,_0
045-730.04_pic2.jpeg,_0
045-729.03_pic2.jpeg,_0
045-728.38_pic0.jpeg,_0
045-730.33_pic0.jpeg,_0
045-730.03_pic5.jpeg,_0
045-729.35_pic0.jpeg,_0
045-728.36_pic0.jpeg,_0
045-731.13_pic4.jpeg,_0
045-731.17_pic5.jpeg,_0
061-502.65_pic2.jpeg,_0
061-502.54_pic2.jpeg,_0
061-502.59_pic5.jpeg,_0
045-505.05_pic0.jpeg,_0
061-502.32_pic1.jpeg,_0
061-502.34_pic0.jpeg,_0
061-502.36_pic0.jpeg,_0
061-502.38_pic5.jpeg,_0
045-504.78_pic5.jpeg,_0
045-503.01_pic0.jpeg,_0
061-502.61_pic5.jpeg,_0
045-505.21_pic2.jpeg,_0
045-505.26_pic0.jpeg,_0
045-506.40_pic3.jpeg,_0
045-506.54_pic3.jpeg,_0
045-506.56_pic0.jpeg,_0
045-505.17_pic2.jpeg,_0
045-505.16_pic0.jpeg,_0
045-506.43_pic0.jpeg,_0
045-506.05_pic0.jpeg,_0
045-505.13_pic2.jpeg,_0
061-502.27_pic3.jpeg,_0
045-506.02_pic3.jpeg,_0
045-505.10_pic2.jpeg,_0
010-006.09_pic4.jpeg,_0
010-006.13_pic0.jpeg,_0
010-006.10_pic5.jpeg,_0
010-006.12_pic3.jpeg,_0
010-006.32_pic2.jpeg,_1
010-006.20_pic1.jpeg,_0
010-006.08_pic0.jpeg,_0
010-005.05_pic3.jpeg,_0
010-007.16_pic3.jpeg,_0
010-005.29_pic1.jpeg,_0
010-006.23_pic5.jpeg,_0
010-005.31_pic4.jpeg,_0
010-005.02_pic0.jpeg,_0
010-007.20_pic2.jpeg,_0
010-006.26_pic1.jpeg,_1
010-039.03_pic0.jpeg,_0
010-039.07_pic3.jpeg,_2
010-039.09_pic4.jpeg,_0
010-039.21_pic0.jpeg,_0
010-039.18_pic3.jpeg,_0
010-034.15_pic1.jpeg,_0
010-034.08_pic1.jpeg,_1
010-034.04_pic0.jpeg,_0
010-034.05_pic0.jpeg,_1
010-034.12_pic4.jpeg,_0
010-034.16_pic5.jpeg,_0
010-034.22_pic5.jpeg,_0
010-184.13_pic3.jpeg,_1
010-184.48_pic5.jpeg,_0
010-184.09_pic3.jpeg,_0
010-184.10_pic0.jpeg,_1
010-184.04_pic2.jpeg,_0
010-184.37_pic0.jpeg,_0
010-187.12_pic2.jpeg,_0
010-184.43_pic3.jpeg,_0
010-187.05_pic2.jpeg,_0
010-187.09_pic5.jpeg,_1
010-187.28_pic2.jpeg,_0
010-187.39_pic0.jpeg,_0
010-187.06_pic1.jpeg,_0
010-187.19_pic0.jpeg,_0
010-187.26_pic2.jpeg,_0
010-187.23_pic0.jpeg,_0
010-005.16_pic0.jpeg,_1
010-187.02_pic1.jpeg,_1
010-091.36_pic1.jpeg,_0
010-091.32_pic0.jpeg,_0
010-074.14_pic0.jpeg,_0
010-074.15_pic2.jpeg,_0
010-074.21_pic5.jpeg,_1
010-074.12_pic2.jpeg,_0
010-074.27_pic5.jpeg,_1
010-071.09_pic4.jpeg,_0
010-074.01_pic5.jpeg,_0
010-071.06_pic4.jpeg,_0
010-071.08_pic1.jpeg,_0
010-071.07_pic2.jpeg,_1
010-071.38_pic0.jpeg,_0
010-071.23_pic2.jpeg,_0
010-071.21_pic5.jpeg,_1
010-055.13_pic0.jpeg,_1
010-055.15_pic3.jpeg,_1
010-055.07_pic0.jpeg,_0
010-055.26_pic5.jpeg,_0
010-055.22_pic5.jpeg,_0
010-052.10_pic0.jpeg,_1
010-055.27_pic5.jpeg,_0
010-052.14_pic3.jpeg,_0
010-052.13_pic0.jpeg,_0
010-052.18_pic5.jpeg,_1
010-052.15_pic0.jpeg,_2
010-039.12_pic0.jpeg,_2
010-093.21_pic5.jpeg,_0
010-093.18_pic0.jpeg,_0
010-093.12_pic0.jpeg,_0
010-093.08_pic3.jpeg,_0
010-093.29_pic5.jpeg,_0
010-093.04_pic3.jpeg,_0
010-093.35_pic2.jpeg,_1
010-093.32_pic4.jpeg,_1
010-093.03_pic3.jpeg,_0
010-091.11_pic0.jpeg,_0
010-091.12_pic0.jpeg,_0
010-091.15_pic0.jpeg,_0
010-091.23_pic0.jpeg,_2
010-091.03_pic4.jpeg,_0
010-091.09_pic4.jpeg,_0
010-091.27_pic0.jpeg,_0
011-231.04_pic1.jpeg,_0
011-230.12_pic5.jpeg,_0
011-230.17_pic1.jpeg,_0
011-230.04_pic4.jpeg,_0
011-219.13_pic2.jpeg,_0
011-231.01_pic0.jpeg,_0
011-219.03_pic4.jpeg,_0
011-219.07_pic0.jpeg,_0
011-199.15_pic0.jpeg,_1
011-199.16_pic5.jpeg,_1
011-196.16_pic1.jpeg,_0
011-199.04_pic1.jpeg,_0
011-193.20_pic0.jpeg,_1
011-193.19_pic4.jpeg,_1
011-193.22_pic1.jpeg,_0
011-193.16_pic0.jpeg,_1
011-193.13_pic4.jpeg,_0
011-193.14_pic0.jpeg,_0
011-196.01_pic3.jpeg,_0
011-193.25_pic1.jpeg,_1
011-194.07_pic0.jpeg,_0
011-194.06_pic0.jpeg,_1
011-196.13_pic3.jpeg,_1
011-196.12_pic0.jpeg,_0
011-193.29_pic0.jpeg,_0
011-194.09_pic5.jpeg,_0
011-193.02_pic0.jpeg,_0
011-194.23_pic2.jpeg,_1
011-194.21_pic4.jpeg,_0
011-194.15_pic5.jpeg,_1
011-230.05_pic2.jpeg,_0
011-237.19_pic0.jpeg,_0
011-232.07_pic2.jpeg,_1
011-232.14_pic0.jpeg,_1
011-237.05_pic5.jpeg,_0
011-237.12_pic0.jpeg,_0
011-231.25_pic0.jpeg,_1
011-237.15_pic5.jpeg,_0
011-231.11_pic2.jpeg,_0
011-231.15_pic5.jpeg,_1
011-232.02_pic2.jpeg,_0
011-230.09_pic2.jpeg,_0
010-004.21_pic1.jpeg,_0
010-003.08_pic0.jpeg,_0
010-003.18_pic1.jpeg,_0
010-003.07_pic2.jpeg,_0
010-002.04_pic3.jpeg,_0
010-004.23_pic0.jpeg,_1
010-002.01_pic5.jpeg,_1
010-003.27_pic2.jpeg,_0
010-004.11_pic0.jpeg,_0
010-004.02_pic2.jpeg,_0
010-003.01_pic0.jpeg,_0
010-004.01_pic5.jpeg,_0
010-017.15_pic0.jpeg,_0
010-026.07_pic0.jpeg,_0
010-022.25_pic5.jpeg,_1
010-022.32_pic1.jpeg,_0
010-026.06_pic5.jpeg,_0
010-022.36_pic5.jpeg,_0
010-022.26_pic5.jpeg,_0
010-022.29_pic1.jpeg,_0
010-020.17_pic5.jpeg,_0
010-022.17_pic5.jpeg,_0
010-025.33_pic3.jpeg,_0
010-025.31_pic5.jpeg,_1
010-022.03_pic3.jpeg,_0
010-020.19_pic1.jpeg,_1
010-020.22_pic1.jpeg,_1
027-019.07_pic2.jpeg,_0
027-019.04_pic3.jpeg,_0
027-019.16_pic1.jpeg,_1
010-001.11_pic4.jpeg,_0
027-019.12_pic1.jpeg,_0
010-020.01_pic0.jpeg,_0
010-001.06_pic0.jpeg,_0
010-002.11_pic4.jpeg,_0
010-017.01_pic5.jpeg,_1
010-017.22_pic0.jpeg,_0
010-002.33_pic4.jpeg,_0
010-003.10_pic0.jpeg,_0
010-023.16_pic3.jpeg,_0
010-019.14_pic2.jpeg,_0
010-019.13_pic3.jpeg,_0
010-024.22_pic1.jpeg,_0
010-019.20_pic5.jpeg,_1
010-019.15_pic4.jpeg,_1
010-024.23_pic0.jpeg,_0
010-024.27_pic2.jpeg,_0
010-019.21_pic0.jpeg,_0
010-018.09_pic3.jpeg,_0
010-018.14_pic4.jpeg,_0
010-019.23_pic3.jpeg,_1
010-018.08_pic5.jpeg,_2
010-026.21_pic0.jpeg,_0
010-026.18_pic0.jpeg,_0
010-026.16_pic0.jpeg,_0
010-025.14_pic1.jpeg,_0
010-018.18_pic0.jpeg,_0
010-022.12_pic1.jpeg,_0
010-019.01_pic1.jpeg,_0
010-022.10_pic0.jpeg,_0
010-025.16_pic2.jpeg,_0
010-025.18_pic2.jpeg,_0
010-026.13_pic1.jpeg,_0
010-018.04_pic0.jpeg,_0
010-026.12_pic0.jpeg,_2
010-018.22_pic5.jpeg,_0
010-025.21_pic3.jpeg,_0
010-022.14_pic1.jpeg,_0
010-020.08_pic0.jpeg,_0
010-026.10_pic0.jpeg,_0
010-025.06_pic2.jpeg,_0
010-022.28_pic0.jpeg,_1
010-030.18_pic5.jpeg,_0
010-042.01_pic0.jpeg,_2
010-041.15_pic0.jpeg,_0
010-031.09_pic0.jpeg,_0
010-030.19_pic0.jpeg,_0
010-041.12_pic0.jpeg,_0
010-030.23_pic4.jpeg,_0
010-031.05_pic5.jpeg,_1
010-030.26_pic5.jpeg,_0
010-030.30_pic0.jpeg,_0
010-031.12_pic4.jpeg,_0
010-032.12_pic3.jpeg,_0
010-030.01_pic2.jpeg,_1
010-032.08_pic5.jpeg,_0
010-032.05_pic0.jpeg,_0
010-033.06_pic1.jpeg,_0
010-031.19_pic0.jpeg,_0
010-032.03_pic0.jpeg,_0
010-033.24_pic0.jpeg,_0
010-031.01_pic3.jpeg,_0
010-032.14_pic4.jpeg,_0
010-024.09_pic4.jpeg,_0
010-033.05_pic2.jpeg,_0
010-023.25_pic0.jpeg,_0
010-033.21_pic1.jpeg,_0
010-033.02_pic2.jpeg,_0
010-032.18_pic3.jpeg,_0
010-033.10_pic5.jpeg,_1
010-033.15_pic4.jpeg,_0
010-024.18_pic2.jpeg,_0
010-023.07_pic0.jpeg,_0
010-050.06_pic0.jpeg,_0
010-050.11_pic0.jpeg,_1
010-050.13_pic0.jpeg,_0
010-050.12_pic1.jpeg,_0
010-050.19_pic5.jpeg,_0
010-043.26_pic5.jpeg,_0
010-043.25_pic3.jpeg,_0
010-043.11_pic5.jpeg,_1
010-051.16_pic1.jpeg,_0
010-043.07_pic2.jpeg,_0
010-043.14_pic4.jpeg,_0
010-043.22_pic3.jpeg,_1
010-042.13_pic2.jpeg,_1
010-020.05_pic1.jpeg,_0
010-040.06_pic4.jpeg,_0
010-043.23_pic5.jpeg,_0
010-042.24_pic5.jpeg,_0
010-030.13_pic0.jpeg,_0
010-042.18_pic5.jpeg,_0
010-042.22_pic5.jpeg,_0
010-030.09_pic0.jpeg,_0
008-139.55_pic5.jpeg,_1
008-018.60_pic3.jpeg,_0
008-018.42_pic0.jpeg,_0
008-018.46_pic5.jpeg,_0
002-036.07_pic0.jpeg,_1
002-036.06_pic3.jpeg,_1
002-037.16_pic2.jpeg,_0
002-036.10_pic5.jpeg,_0
002-038.13_pic5.jpeg,_1
002-038.16_pic1.jpeg,_0
002-038.18_pic2.jpeg,_0
002-038.21_pic5.jpeg,_0
002-037.18_pic0.jpeg,_0
008-021.23_pic5.jpeg,_2
002-036.03_pic0.jpeg,_0
008-019.03_pic0.jpeg,_0
002-037.17_pic4.jpeg,_0
008-027.30_pic5.jpeg,_0
008-021.45_pic0.jpeg,_0
008-021.41_pic2.jpeg,_0
008-027.28_pic0.jpeg,_0
008-021.38_pic5.jpeg,_1
008-019.06_pic3.jpeg,_0
008-019.09_pic2.jpeg,_0
008-020.01_pic5.jpeg,_2
008-020.22_pic3.jpeg,_0
008-018.08_pic5.jpeg,_1
008-018.19_pic5.jpeg,_0
008-018.23_pic5.jpeg,_0
008-018.02_pic0.jpeg,_2
008-018.26_pic5.jpeg,_0
008-018.24_pic4.jpeg,_0
008-025.15_pic0.jpeg,_1
002-048.03_pic5.jpeg,_2
008-024.01_pic4.jpeg,_1
008-025.06_pic4.jpeg,_0
008-026.02_pic5.jpeg,_0
002-048.02_pic0.jpeg,_0
002-040.08_pic4.jpeg,_2
002-117.03_pic3.jpeg,_1
002-048.01_pic4.jpeg,_0
002-048.11_pic2.jpeg,_1
008-027.05_pic5.jpeg,_0
002-051.16_pic4.jpeg,_2
002-051.17_pic1.jpeg,_0
008-025.13_pic5.jpeg,_0
002-052.01_pic1.jpeg,_0
008-027.09_pic0.jpeg,_0
008-027.08_pic4.jpeg,_0
002-038.03_pic5.jpeg,_0
002-038.22_pic3.jpeg,_1
002-052.04_pic1.jpeg,_0
008-027.10_pic0.jpeg,_1
008-027.15_pic0.jpeg,_1
008-022.28_pic4.jpeg,_0
002-117.05_pic0.jpeg,_0
008-022.25_pic4.jpeg,_0
008-022.26_pic4.jpeg,_0
002-040.22_pic1.jpeg,_0
008-022.23_pic0.jpeg,_0
008-022.16_pic5.jpeg,_1
002-038.05_pic4.jpeg,_2
002-039.01_pic4.jpeg,_1
008-026.16_pic5.jpeg,_0
002-037.05_pic4.jpeg,_0
002-037.14_pic2.jpeg,_0
008-026.14_pic0.jpeg,_0
002-038.11_pic2.jpeg,_0
008-020.04_pic0.jpeg,_0
008-021.16_pic2.jpeg,_0
008-035.31_pic4.jpeg,_1
008-032.05_pic5.jpeg,_1
008-032.01_pic5.jpeg,_2
008-032.33_pic0.jpeg,_0
008-031.07_pic0.jpeg,_1
008-031.11_pic3.jpeg,_0
008-031.15_pic0.jpeg,_0
008-032.25_pic0.jpeg,_0
008-030.03_pic2.jpeg,_1
008-031.20_pic5.jpeg,_0
008-030.02_pic0.jpeg,_0
008-031.40_pic0.jpeg,_0
008-031.31_pic0.jpeg,_0
008-024.03_pic3.jpeg,_2
008-030.15_pic0.jpeg,_0
008-024.11_pic5.jpeg,_1
008-024.16_pic5.jpeg,_2
008-042.36_pic5.jpeg,_0
008-042.30_pic3.jpeg,_0
008-042.34_pic2.jpeg,_0
008-039.17_pic2.jpeg,_1
008-039.16_pic3.jpeg,_0
008-039.30_pic5.jpeg,_1
008-039.34_pic3.jpeg,_0
008-039.23_pic0.jpeg,_0
008-039.27_pic3.jpeg,_0
008-034.07_pic5.jpeg,_0
008-034.04_pic5.jpeg,_0
008-034.18_pic4.jpeg,_0
008-034.15_pic5.jpeg,_0
008-034.09_pic5.jpeg,_0
008-034.19_pic0.jpeg,_0
008-034.01_pic4.jpeg,_0
008-032.12_pic2.jpeg,_0
008-034.31_pic0.jpeg,_0
008-024.40_pic1.jpeg,_1
008-035.09_pic4.jpeg,_0
008-034.29_pic0.jpeg,_0
008-034.24_pic5.jpeg,_0
008-034.26_pic2.jpeg,_0
008-034.27_pic0.jpeg,_0
008-034.22_pic0.jpeg,_0
008-035.13_pic0.jpeg,_1
008-035.23_pic2.jpeg,_0
008-035.19_pic0.jpeg,_0
008-035.42_pic0.jpeg,_0
008-035.34_pic5.jpeg,_0
008-035.39_pic3.jpeg,_0
008-040.03_pic5.jpeg,_0
008-041.09_pic0.jpeg,_0
008-041.16_pic4.jpeg,_0
008-041.14_pic0.jpeg,_0
008-041.19_pic5.jpeg,_0
008-044.24_pic0.jpeg,_0
008-041.43_pic4.jpeg,_0
008-041.21_pic5.jpeg,_0
008-040.05_pic3.jpeg,_0
008-041.40_pic4.jpeg,_0
008-041.27_pic2.jpeg,_0
008-041.31_pic1.jpeg,_0
008-043.03_pic5.jpeg,_0
008-041.25_pic5.jpeg,_1
008-040.01_pic4.jpeg,_0
008-042.03_pic2.jpeg,_1
008-040.10_pic4.jpeg,_0
008-042.06_pic5.jpeg,_0
008-043.17_pic5.jpeg,_0
008-042.09_pic0.jpeg,_0
008-042.02_pic2.jpeg,_0
008-042.13_pic4.jpeg,_0
008-042.11_pic5.jpeg,_0
008-042.16_pic0.jpeg,_0
008-042.23_pic2.jpeg,_1
008-042.21_pic4.jpeg,_0
008-043.23_pic0.jpeg,_0
008-042.01_pic0.jpeg,_1
008-042.39_pic5.jpeg,_0
008-041.37_pic0.jpeg,_0
008-044.04_pic5.jpeg,_0
008-055.28_pic2.jpeg,_0
008-055.14_pic3.jpeg,_0
008-055.09_pic0.jpeg,_0
008-055.20_pic0.jpeg,_0
008-045.15_pic2.jpeg,_0
008-055.16_pic0.jpeg,_1
008-045.08_pic0.jpeg,_0
008-045.04_pic0.jpeg,_0
008-045.13_pic0.jpeg,_0
008-046.34_pic0.jpeg,_0
008-046.07_pic4.jpeg,_0
008-046.12_pic0.jpeg,_1
008-046.14_pic0.jpeg,_1
008-045.23_pic3.jpeg,_1
008-046.29_pic0.jpeg,_0
008-046.20_pic0.jpeg,_0
008-046.24_pic0.jpeg,_1
008-044.06_pic0.jpeg,_0
008-044.14_pic0.jpeg,_0
008-044.33_pic4.jpeg,_0
008-003.01_pic2.jpeg,_2
008-001.09_pic0.jpeg,_0
008-003.20_pic0.jpeg,_0
008-001.22_pic0.jpeg,_0
001-098.15_pic0.jpeg,_1
001-097.11_pic2.jpeg,_0
001-097.07_pic3.jpeg,_0
001-096.10_pic4.jpeg,_0
001-098.08_pic5.jpeg,_2
001-095.17_pic5.jpeg,_0
001-096.17_pic3.jpeg,_0
001-097.13_pic1.jpeg,_1
001-098.06_pic2.jpeg,_1
001-097.04_pic1.jpeg,_0
001-096.19_pic2.jpeg,_0
001-097.18_pic4.jpeg,_0
001-098.02_pic0.jpeg,_1
001-097.16_pic4.jpeg,_0
008-017.40_pic2.jpeg,_0
008-014.40_pic3.jpeg,_0
008-013.23_pic0.jpeg,_0
008-013.25_pic5.jpeg,_0
008-013.21_pic0.jpeg,_0
008-140.37_pic0.jpeg,_0
008-014.46_pic0.jpeg,_0
008-017.56_pic0.jpeg,_0
008-017.01_pic0.jpeg,_0
008-006.04_pic3.jpeg,_0
008-017.46_pic1.jpeg,_0
008-006.06_pic0.jpeg,_0
008-003.04_pic5.jpeg,_0
008-002.04_pic3.jpeg,_0
008-006.14_pic0.jpeg,_1
008-002.19_pic5.jpeg,_0
008-002.01_pic1.jpeg,_0
008-002.13_pic0.jpeg,_1
008-002.16_pic2.jpeg,_0
008-007.04_pic5.jpeg,_1
008-002.11_pic5.jpeg,_0
008-001.05_pic0.jpeg,_0
008-003.12_pic5.jpeg,_0
008-009.14_pic0.jpeg,_1
008-012.04_pic3.jpeg,_0
008-009.18_pic5.jpeg,_0
008-009.21_pic1.jpeg,_0
008-145.03_pic3.jpeg,_1
008-015.19_pic1.jpeg,_0
008-145.18_pic0.jpeg,_0
008-145.13_pic3.jpeg,_0
008-014.59_pic1.jpeg,_0
008-139.50_pic3.jpeg,_0
008-012.02_pic3.jpeg,_1
008-009.33_pic3.jpeg,_0
008-144.03_pic1.jpeg,_0
008-013.14_pic0.jpeg,_1
008-009.27_pic5.jpeg,_1
008-015.21_pic0.jpeg,_0
008-009.24_pic0.jpeg,_0
008-140.39_pic3.jpeg,_0
008-017.31_pic4.jpeg,_0
008-015.27_pic0.jpeg,_0
008-140.14_pic5.jpeg,_0
008-017.33_pic4.jpeg,_2
008-012.23_pic0.jpeg,_0
008-017.35_pic1.jpeg,_0
008-017.38_pic0.jpeg,_0
008-010.33_pic4.jpeg,_0
008-015.20_pic2.jpeg,_0
008-010.31_pic5.jpeg,_0
008-140.02_pic0.jpeg,_0
008-010.24_pic5.jpeg,_0
008-010.21_pic0.jpeg,_0
008-015.14_pic0.jpeg,_1
008-016.15_pic5.jpeg,_0
008-139.57_pic5.jpeg,_0
008-011.39_pic0.jpeg,_0
008-011.34_pic5.jpeg,_0
008-016.16_pic0.jpeg,_1
008-011.32_pic0.jpeg,_0
008-011.27_pic5.jpeg,_0
008-015.10_pic0.jpeg,_0
008-016.10_pic0.jpeg,_0
008-009.03_pic0.jpeg,_1
008-140.08_pic1.jpeg,_0
008-145.08_pic0.jpeg,_0
008-010.11_pic0.jpeg,_0
008-010.06_pic5.jpeg,_1
008-010.15_pic5.jpeg,_0
008-011.06_pic5.jpeg,_0
008-011.16_pic0.jpeg,_0
008-011.21_pic5.jpeg,_0
026-177.46_pic3.jpeg,_0
026-177.57_pic0.jpeg,_0
026-177.47_pic0.jpeg,_0
026-175.14_pic0.jpeg,_0
026-180.15_pic2.jpeg,_0
026-178.44_pic1.jpeg,_0
026-180.03_pic5.jpeg,_0
026-174.06_pic5.jpeg,_1
026-177.61_pic4.jpeg,_0
026-174.13_pic1.jpeg,_1
026-174.42_pic2.jpeg,_0
026-174.12_pic3.jpeg,_0
026-178.47_pic3.jpeg,_0
026-176.44_pic0.jpeg,_0
026-177.68_pic2.jpeg,_0
026-176.45_pic0.jpeg,_0
026-176.47_pic5.jpeg,_0
026-176.49_pic2.jpeg,_0
026-175.69_pic3.jpeg,_0
026-178.48_pic4.jpeg,_1
026-175.47_pic2.jpeg,_0
026-180.10_pic0.jpeg,_0
026-177.53_pic1.jpeg,_0
026-175.49_pic3.jpeg,_0
026-174.56_pic4.jpeg,_0
026-174.55_pic0.jpeg,_0
026-175.50_pic4.jpeg,_0
026-174.05_pic1.jpeg,_0
026-178.53_pic0.jpeg,_0
026-174.04_pic0.jpeg,_1
026-175.52_pic0.jpeg,_0
026-178.32_pic2.jpeg,_0
026-178.33_pic0.jpeg,_0
026-177.19_pic0.jpeg,_1
026-177.20_pic0.jpeg,_0
026-177.07_pic5.jpeg,_2
026-174.24_pic3.jpeg,_2
026-179.19_pic2.jpeg,_0
026-178.35_pic0.jpeg,_1
026-177.23_pic0.jpeg,_0
026-178.15_pic0.jpeg,_0
026-174.21_pic5.jpeg,_0
026-177.24_pic0.jpeg,_1
026-177.25_pic0.jpeg,_0
026-178.39_pic0.jpeg,_0
026-176.27_pic0.jpeg,_0
026-174.59_pic0.jpeg,_0
026-177.27_pic0.jpeg,_0
026-176.29_pic0.jpeg,_0
026-177.51_pic0.jpeg,_0
026-174.38_pic0.jpeg,_0
026-178.11_pic0.jpeg,_0
026-175.40_pic5.jpeg,_0
026-186.14_pic1.jpeg,_0
026-186.06_pic2.jpeg,_0
026-176.13_pic0.jpeg,_0
026-183.28_pic2.jpeg,_0
026-182.19_pic0.jpeg,_0
026-183.19_pic1.jpeg,_1
026-182.17_pic2.jpeg,_0
026-185.28_pic2.jpeg,_0
026-182.22_pic2.jpeg,_0
026-182.18_pic4.jpeg,_0
026-184.02_pic3.jpeg,_2
026-183.01_pic0.jpeg,_0
026-183.21_pic1.jpeg,_0
026-184.24_pic5.jpeg,_0
026-186.03_pic2.jpeg,_0
026-185.37_pic2.jpeg,_0
026-186.02_pic5.jpeg,_0
026-185.33_pic0.jpeg,_0
026-178.60_pic2.jpeg,_0
026-178.27_pic2.jpeg,_0
026-178.26_pic2.jpeg,_0
026-178.24_pic4.jpeg,_0
026-177.30_pic0.jpeg,_0
026-178.23_pic2.jpeg,_0
026-176.39_pic5.jpeg,_0
026-175.74_pic5.jpeg,_0
026-177.16_pic2.jpeg,_2
026-177.11_pic2.jpeg,_0
026-175.57_pic0.jpeg,_0
026-174.27_pic4.jpeg,_0
026-177.34_pic4.jpeg,_0
026-175.71_pic2.jpeg,_0
026-211.23_pic0.jpeg,_1
026-212.29_pic0.jpeg,_0
026-211.03_pic0.jpeg,_0
026-212.20_pic0.jpeg,_0
026-209.20_pic0.jpeg,_0
026-209.21_pic3.jpeg,_0
026-212.26_pic4.jpeg,_0
026-211.26_pic0.jpeg,_2
026-210.26_pic0.jpeg,_0
026-210.23_pic2.jpeg,_0
026-209.31_pic5.jpeg,_0
026-183.09_pic3.jpeg,_0
026-183.29_pic0.jpeg,_0
026-182.08_pic0.jpeg,_0
026-183.08_pic0.jpeg,_1
026-185.20_pic0.jpeg,_0
026-183.14_pic5.jpeg,_0
026-184.08_pic0.jpeg,_0
026-182.23_pic0.jpeg,_0
026-184.06_pic3.jpeg,_0
026-184.16_pic0.jpeg,_0
026-184.17_pic2.jpeg,_0
026-213.03_pic0.jpeg,_0
026-213.22_pic0.jpeg,_0
026-242.03_pic4.jpeg,_0
026-242.04_pic2.jpeg,_0
026-241.49_pic0.jpeg,_0
026-213.26_pic3.jpeg,_0
026-241.44_pic2.jpeg,_0
026-242.51_pic2.jpeg,_0
026-241.50_pic2.jpeg,_0
026-212.33_pic4.jpeg,_1
026-210.28_pic0.jpeg,_1
026-211.40_pic0.jpeg,_1
026-211.41_pic4.jpeg,_0
026-209.27_pic4.jpeg,_0
026-210.40_pic0.jpeg,_1
026-209.33_pic3.jpeg,_0
026-212.31_pic3.jpeg,_0
026-211.11_pic2.jpeg,_0
026-209.35_pic5.jpeg,_0
026-209.32_pic5.jpeg,_0
026-212.19_pic5.jpeg,_0
026-210.31_pic0.jpeg,_0
026-210.36_pic4.jpeg,_0
026-209.12_pic4.jpeg,_0
026-210.11_pic2.jpeg,_0
026-209.14_pic4.jpeg,_0
026-212.16_pic3.jpeg,_0
026-211.20_pic2.jpeg,_0
026-211.43_pic0.jpeg,_0
026-209.18_pic0.jpeg,_0
026-241.29_pic4.jpeg,_0
026-241.48_pic0.jpeg,_2
026-242.21_pic0.jpeg,_2
026-242.19_pic0.jpeg,_0
026-241.14_pic0.jpeg,_0
026-213.14_pic5.jpeg,_0
026-242.33_pic4.jpeg,_0
026-241.35_pic0.jpeg,_0
026-213.17_pic0.jpeg,_1
026-241.07_pic3.jpeg,_0
026-241.08_pic0.jpeg,_0
026-241.39_pic0.jpeg,_0
026-242.06_pic0.jpeg,_0
026-241.40_pic0.jpeg,_0
026-107.03_pic2.jpeg,_0
026-102.06_pic3.jpeg,_2
026-109.39_pic3.jpeg,_0
026-108.03_pic4.jpeg,_0
026-105.05_pic3.jpeg,_0
026-102.13_pic3.jpeg,_0
026-108.39_pic0.jpeg,_1
026-102.15_pic0.jpeg,_0
026-101.25_pic3.jpeg,_0
026-108.01_pic2.jpeg,_0
026-102.18_pic0.jpeg,_0
026-098.26_pic0.jpeg,_0
026-105.10_pic2.jpeg,_0
026-107.41_pic3.jpeg,_0
026-107.42_pic1.jpeg,_0
026-107.18_pic4.jpeg,_0
026-108.43_pic0.jpeg,_2
026-104.06_pic3.jpeg,_0
026-103.04_pic4.jpeg,_0
026-107.15_pic0.jpeg,_0
026-109.11_pic0.jpeg,_2
026-107.13_pic0.jpeg,_0
026-098.16_pic1.jpeg,_1
026-108.10_pic4.jpeg,_1
026-109.09_pic0.jpeg,_2
026-101.13_pic0.jpeg,_0
026-108.32_pic0.jpeg,_0
026-098.09_pic3.jpeg,_0
026-104.03_pic0.jpeg,_0
026-104.02_pic3.jpeg,_0
026-107.07_pic2.jpeg,_0
026-101.06_pic3.jpeg,_2
026-102.02_pic5.jpeg,_0
026-098.05_pic5.jpeg,_0
026-102.10_pic5.jpeg,_0
026-108.05_pic3.jpeg,_0
026-121.02_pic5.jpeg,_0
026-125.16_pic2.jpeg,_2
026-121.52_pic0.jpeg,_0
026-123.01_pic4.jpeg,_1
026-125.07_pic3.jpeg,_0
026-124.27_pic2.jpeg,_0
026-108.51_pic5.jpeg,_0
026-109.43_pic3.jpeg,_0
026-109.42_pic0.jpeg,_0
026-107.30_pic0.jpeg,_0
026-108.19_pic5.jpeg,_0
026-100.04_pic3.jpeg,_0
026-103.16_pic1.jpeg,_1
026-107.24_pic0.jpeg,_0
026-100.03_pic0.jpeg,_1
026-104.37_pic0.jpeg,_0
026-104.18_pic0.jpeg,_0
026-107.39_pic0.jpeg,_0
026-109.16_pic0.jpeg,_0
026-107.19_pic0.jpeg,_0
026-104.09_pic3.jpeg,_0
026-127.10_pic0.jpeg,_0
026-126.05_pic2.jpeg,_0
026-130.07_pic5.jpeg,_1
026-124.25_pic5.jpeg,_1
026-124.14_pic1.jpeg,_2
026-123.35_pic0.jpeg,_0
026-130.19_pic0.jpeg,_0
026-124.10_pic0.jpeg,_0
026-123.23_pic2.jpeg,_0
026-130.25_pic2.jpeg,_0
026-127.14_pic4.jpeg,_2
026-130.18_pic2.jpeg,_0
026-122.48_pic2.jpeg,_1
026-121.38_pic0.jpeg,_0
026-124.18_pic2.jpeg,_0
026-122.47_pic4.jpeg,_0
026-121.46_pic2.jpeg,_0
026-121.40_pic0.jpeg,_0
026-108.22_pic5.jpeg,_1
026-122.45_pic3.jpeg,_0
026-121.03_pic5.jpeg,_1
026-124.04_pic2.jpeg,_0
026-126.09_pic5.jpeg,_1
026-121.21_pic3.jpeg,_0
026-127.12_pic0.jpeg,_0
026-121.25_pic0.jpeg,_0
026-121.16_pic0.jpeg,_0
026-123.34_pic0.jpeg,_2
026-122.17_pic0.jpeg,_0
026-122.25_pic4.jpeg,_0
026-121.12_pic4.jpeg,_0
026-121.31_pic5.jpeg,_0
026-121.32_pic0.jpeg,_0
026-127.16_pic3.jpeg,_2
026-126.06_pic5.jpeg,_0
026-130.06_pic2.jpeg,_0
026-127.18_pic0.jpeg,_1
026-176.33_pic0.jpeg,_0
026-176.52_pic0.jpeg,_2
026-175.55_pic0.jpeg,_0
026-175.65_pic0.jpeg,_1
026-175.42_pic0.jpeg,_2
052-315.08_pic2.jpeg,_1
052-324.03_pic4.jpeg,_0
052-314.14_pic5.jpeg,_0
052-314.12_pic5.jpeg,_0
052-324.04_pic4.jpeg,_0
052-299.01_pic0.jpeg,_0
052-324.11_pic0.jpeg,_0
052-315.04_pic5.jpeg,_0
052-314.23_pic0.jpeg,_0
052-313.16_pic5.jpeg,_0
052-300.13_pic4.jpeg,_0
052-300.18_pic0.jpeg,_0
052-314.05_pic2.jpeg,_0
052-300.20_pic0.jpeg,_0
052-300.29_pic5.jpeg,_0
052-322.13_pic4.jpeg,_0
052-325.09_pic0.jpeg,_0
052-325.13_pic2.jpeg,_0
052-322.07_pic4.jpeg,_0
052-322.08_pic2.jpeg,_0
052-326.16_pic0.jpeg,_0
052-325.17_pic4.jpeg,_0
052-322.20_pic0.jpeg,_0
052-325.01_pic3.jpeg,_1
052-324.02_pic2.jpeg,_0
060-173.31_pic0.jpeg,_0
060-174.30_pic0.jpeg,_0
060-173.34_pic3.jpeg,_0
060-175.33_pic0.jpeg,_0
060-175.35_pic2.jpeg,_0
060-174.36_pic0.jpeg,_0
060-175.04_pic2.jpeg,_0
060-175.38_pic2.jpeg,_0
060-174.02_pic5.jpeg,_0
060-174.01_pic2.jpeg,_2
060-194.04_pic0.jpeg,_0
060-190.40_pic1.jpeg,_0
060-190.41_pic5.jpeg,_0
060-194.10_pic0.jpeg,_1
060-194.11_pic0.jpeg,_0
060-196.02_pic3.jpeg,_1
060-191.03_pic3.jpeg,_0
060-196.07_pic4.jpeg,_0
060-196.23_pic2.jpeg,_0
060-190.03_pic2.jpeg,_0
060-191.33_pic5.jpeg,_0
060-190.61_pic2.jpeg,_0
060-191.23_pic2.jpeg,_0
060-173.21_pic3.jpeg,_1
060-190.49_pic1.jpeg,_0
060-172.03_pic5.jpeg,_2
060-173.22_pic3.jpeg,_0
060-174.23_pic1.jpeg,_1
060-175.17_pic5.jpeg,_1
060-173.14_pic2.jpeg,_0
060-173.26_pic1.jpeg,_0
060-175.27_pic3.jpeg,_0
060-174.12_pic0.jpeg,_2
060-174.26_pic0.jpeg,_1
060-175.29_pic1.jpeg,_1
060-173.30_pic3.jpeg,_0
060-195.36_pic1.jpeg,_0
060-193.07_pic4.jpeg,_0
060-195.01_pic3.jpeg,_0
060-193.04_pic2.jpeg,_0
060-190.13_pic5.jpeg,_0
060-192.13_pic0.jpeg,_0
060-195.47_pic0.jpeg,_0
060-195.51_pic1.jpeg,_0
060-190.12_pic4.jpeg,_0
060-195.45_pic3.jpeg,_2
060-192.18_pic1.jpeg,_1
060-196.13_pic3.jpeg,_0
060-192.22_pic3.jpeg,_2
060-196.17_pic0.jpeg,_0
060-190.37_pic0.jpeg,_0
060-191.09_pic5.jpeg,_0
060-194.06_pic0.jpeg,_0
060-196.04_pic2.jpeg,_0
060-277.23_pic4.jpeg,_0
060-277.05_pic2.jpeg,_0
060-280.16_pic3.jpeg,_0
060-280.14_pic2.jpeg,_0
060-280.13_pic3.jpeg,_0
060-280.19_pic2.jpeg,_0
060-280.10_pic0.jpeg,_0
060-195.23_pic0.jpeg,_0
060-280.09_pic4.jpeg,_0
060-280.08_pic4.jpeg,_0
060-195.26_pic0.jpeg,_0
060-195.28_pic0.jpeg,_0
060-280.03_pic0.jpeg,_1
060-280.02_pic0.jpeg,_0
060-195.32_pic0.jpeg,_0
060-296.34_pic4.jpeg,_1
060-290.17_pic0.jpeg,_0
060-290.29_pic5.jpeg,_0
060-289.16_pic0.jpeg,_0
060-288.11_pic0.jpeg,_0
060-290.33_pic0.jpeg,_0
060-288.37_pic5.jpeg,_0
060-288.20_pic2.jpeg,_0
060-288.29_pic0.jpeg,_0
060-288.22_pic0.jpeg,_1
060-288.24_pic0.jpeg,_0
060-277.15_pic4.jpeg,_0
060-295.14_pic5.jpeg,_0
060-292.06_pic0.jpeg,_0
060-295.09_pic2.jpeg,_0
060-294.18_pic0.jpeg,_0
060-292.02_pic0.jpeg,_0
060-293.03_pic0.jpeg,_0
060-292.25_pic5.jpeg,_0
060-290.10_pic0.jpeg,_0
060-290.11_pic0.jpeg,_0
060-296.29_pic3.jpeg,_0
060-298.22_pic4.jpeg,_0
060-298.09_pic3.jpeg,_0
060-298.36_pic3.jpeg,_0
060-298.35_pic2.jpeg,_0
060-298.05_pic2.jpeg,_0
060-298.03_pic0.jpeg,_0
060-298.30_pic4.jpeg,_1
060-292.11_pic4.jpeg,_0
060-291.07_pic0.jpeg,_0
060-297.03_pic0.jpeg,_0
060-292.14_pic5.jpeg,_0
060-292.09_pic2.jpeg,_0
060-295.13_pic0.jpeg,_0
060-298.12_pic2.jpeg,_0
060-297.11_pic0.jpeg,_0
052-269.01_pic1.jpeg,_1
052-263.28_pic3.jpeg,_0
052-259.04_pic5.jpeg,_0
052-259.03_pic4.jpeg,_0
052-262.27_pic3.jpeg,_0
052-259.14_pic2.jpeg,_0
052-259.09_pic5.jpeg,_0
052-259.01_pic0.jpeg,_0
052-263.05_pic5.jpeg,_0
052-264.40_pic3.jpeg,_0
052-264.33_pic0.jpeg,_0
052-264.67_pic0.jpeg,_0
052-263.03_pic3.jpeg,_0
052-262.32_pic1.jpeg,_1
052-264.58_pic2.jpeg,_0
052-264.75_pic2.jpeg,_0
052-263.39_pic1.jpeg,_1
052-263.01_pic1.jpeg,_1
052-264.29_pic2.jpeg,_0
052-264.74_pic0.jpeg,_1
052-264.56_pic0.jpeg,_0
052-264.64_pic1.jpeg,_0
052-376.07_pic2.jpeg,_0
052-263.22_pic0.jpeg,_1
052-262.18_pic2.jpeg,_0
052-277.03_pic0.jpeg,_0
052-261.14_pic0.jpeg,_0
052-278.19_pic2.jpeg,_0
052-264.51_pic3.jpeg,_0
052-265.17_pic2.jpeg,_1
052-362.39_pic4.jpeg,_0
052-362.13_pic0.jpeg,_0
052-278.12_pic2.jpeg,_0
052-261.16_pic4.jpeg,_0
052-260.09_pic4.jpeg,_1
052-376.03_pic0.jpeg,_0
052-262.26_pic1.jpeg,_0
052-262.10_pic2.jpeg,_0
052-261.02_pic3.jpeg,_0
052-263.08_pic0.jpeg,_0
052-278.01_pic1.jpeg,_0
052-278.07_pic1.jpeg,_0
052-263.11_pic2.jpeg,_0
052-261.09_pic1.jpeg,_0
052-263.27_pic1.jpeg,_0
052-262.24_pic0.jpeg,_0
052-362.16_pic4.jpeg,_0
052-264.65_pic2.jpeg,_0
052-280.27_pic0.jpeg,_0
052-276.09_pic1.jpeg,_0
052-282.11_pic3.jpeg,_0
052-275.24_pic0.jpeg,_0
052-282.01_pic4.jpeg,_0
052-273.17_pic3.jpeg,_0
052-274.17_pic0.jpeg,_2
052-274.18_pic1.jpeg,_0
052-273.01_pic0.jpeg,_0
052-273.18_pic5.jpeg,_0
052-376.20_pic0.jpeg,_0
052-376.21_pic2.jpeg,_0
052-278.04_pic5.jpeg,_0
052-275.02_pic4.jpeg,_0
052-274.01_pic3.jpeg,_0
052-277.09_pic5.jpeg,_0
052-277.06_pic2.jpeg,_0
052-263.19_pic0.jpeg,_0
052-277.05_pic0.jpeg,_0
052-265.13_pic4.jpeg,_0
052-264.11_pic0.jpeg,_0
052-281.09_pic0.jpeg,_0
052-280.18_pic2.jpeg,_0
052-281.12_pic2.jpeg,_0
052-282.10_pic2.jpeg,_0
052-281.07_pic2.jpeg,_1
052-275.18_pic2.jpeg,_0
052-273.10_pic0.jpeg,_0
052-275.22_pic0.jpeg,_0
052-272.10_pic5.jpeg,_0
052-275.11_pic3.jpeg,_0
052-393.67_pic3.jpeg,_0
052-280.34_pic4.jpeg,_0
052-273.12_pic0.jpeg,_0
052-275.20_pic0.jpeg,_0
052-280.03_pic2.jpeg,_0
052-280.23_pic3.jpeg,_0
052-274.07_pic3.jpeg,_0
052-280.26_pic0.jpeg,_1
052-282.02_pic2.jpeg,_0
052-364.57_pic2.jpeg,_0
052-286.20_pic1.jpeg,_0
052-364.64_pic2.jpeg,_0
052-364.50_pic0.jpeg,_0
052-286.05_pic0.jpeg,_1
052-364.25_pic2.jpeg,_2
052-283.16_pic0.jpeg,_0
052-286.03_pic2.jpeg,_0
052-280.12_pic4.jpeg,_0
052-280.30_pic1.jpeg,_0
052-283.20_pic1.jpeg,_0
052-283.06_pic1.jpeg,_1
052-280.07_pic4.jpeg,_0
052-286.15_pic0.jpeg,_0
052-283.21_pic0.jpeg,_0
052-282.08_pic5.jpeg,_1
052-284.02_pic0.jpeg,_0
052-280.16_pic1.jpeg,_0
052-284.01_pic4.jpeg,_0
052-281.19_pic1.jpeg,_0
052-281.10_pic4.jpeg,_0
052-382.10_pic3.jpeg,_0
052-306.25_pic1.jpeg,_2
052-288.02_pic0.jpeg,_0
052-295.02_pic1.jpeg,_0
052-294.11_pic0.jpeg,_0
052-307.21_pic3.jpeg,_0
052-308.03_pic2.jpeg,_0
052-384.55_pic1.jpeg,_0
052-384.27_pic1.jpeg,_0
052-384.25_pic1.jpeg,_0
052-384.26_pic1.jpeg,_0
052-307.25_pic3.jpeg,_0
052-384.08_pic0.jpeg,_1
052-308.21_pic2.jpeg,_0
052-384.07_pic0.jpeg,_0
052-289.06_pic0.jpeg,_0
052-289.07_pic2.jpeg,_0
052-384.33_pic5.jpeg,_0
052-289.03_pic5.jpeg,_0
052-384.32_pic2.jpeg,_0
052-286.07_pic0.jpeg,_1
052-289.12_pic4.jpeg,_1
052-283.25_pic3.jpeg,_0
052-296.21_pic2.jpeg,_0
052-304.02_pic0.jpeg,_0
052-305.08_pic4.jpeg,_0
052-306.15_pic2.jpeg,_0
052-295.12_pic2.jpeg,_0
052-305.05_pic0.jpeg,_0
052-309.01_pic2.jpeg,_2
052-306.10_pic2.jpeg,_0
052-296.16_pic0.jpeg,_0
052-307.23_pic0.jpeg,_0
052-305.03_pic0.jpeg,_1
052-295.08_pic0.jpeg,_0
052-295.07_pic3.jpeg,_0
052-295.25_pic5.jpeg,_0
052-306.21_pic3.jpeg,_0
052-295.06_pic5.jpeg,_0
052-308.16_pic2.jpeg,_0
052-384.51_pic0.jpeg,_0
052-294.10_pic0.jpeg,_0
052-295.03_pic2.jpeg,_0
052-302.05_pic0.jpeg,_0
052-301.01_pic3.jpeg,_0
052-302.04_pic1.jpeg,_0
052-310.06_pic2.jpeg,_0
052-310.05_pic0.jpeg,_1
052-298.11_pic1.jpeg,_0
052-303.08_pic2.jpeg,_0
052-303.18_pic0.jpeg,_0
052-304.12_pic0.jpeg,_0
052-298.24_pic4.jpeg,_0
052-302.27_pic0.jpeg,_0
052-297.13_pic1.jpeg,_0
052-303.19_pic5.jpeg,_0
052-309.09_pic1.jpeg,_0
052-303.04_pic0.jpeg,_0
052-304.10_pic1.jpeg,_0
052-296.02_pic5.jpeg,_0
052-304.16_pic0.jpeg,_0
052-304.17_pic0.jpeg,_1
052-297.02_pic1.jpeg,_0
052-309.04_pic1.jpeg,_0
052-296.05_pic5.jpeg,_1
052-304.19_pic0.jpeg,_0
052-305.15_pic1.jpeg,_0
052-304.07_pic5.jpeg,_0
052-309.13_pic3.jpeg,_0
052-309.14_pic0.jpeg,_0
052-296.23_pic2.jpeg,_0
052-305.18_pic0.jpeg,_1
052-304.21_pic0.jpeg,_1
052-300.21_pic1.jpeg,_0
052-298.20_pic0.jpeg,_0
052-313.23_pic1.jpeg,_0
052-312.08_pic2.jpeg,_0
052-300.01_pic0.jpeg,_0
052-312.06_pic2.jpeg,_0
052-302.28_pic2.jpeg,_0
052-311.12_pic2.jpeg,_0
052-311.13_pic3.jpeg,_0
052-300.27_pic2.jpeg,_0
052-311.14_pic1.jpeg,_0
052-301.05_pic5.jpeg,_0
052-302.16_pic0.jpeg,_0
052-301.24_pic0.jpeg,_0
052-303.24_pic0.jpeg,_0
052-302.19_pic4.jpeg,_0
052-303.11_pic3.jpeg,_1
052-310.08_pic4.jpeg,_0
052-326.01_pic1.jpeg,_0
052-323.04_pic2.jpeg,_0
052-451.06_pic2.jpeg,_2
052-451.08_pic4.jpeg,_0
052-314.15_pic1.jpeg,_0
073-921.19_pic5.jpeg,_0
073-920.21_pic2.jpeg,_0
073-920.22_pic3.jpeg,_0
373-095.04_pic3.jpeg,_0
373-095.12_pic4.jpeg,_0
373-095.20_pic2.jpeg,_0
073-921.15_pic0.jpeg,_0
073-921.10_pic1.jpeg,_0
373-543.23_pic2.jpeg,_0
373-543.20_pic0.jpeg,_0
373-543.25_pic1.jpeg,_0
373-543.26_pic0.jpeg,_0
073-920.26_pic1.jpeg,_0
373-543.14_pic3.jpeg,_0
373-543.13_pic0.jpeg,_0
373-535.09_pic0.jpeg,_0
073-920.29_pic2.jpeg,_0
073-921.09_pic2.jpeg,_0
373-543.10_pic5.jpeg,_0
073-920.09_pic0.jpeg,_0
073-918.13_pic1.jpeg,_1
373-535.18_pic5.jpeg,_0
373-535.20_pic0.jpeg,_0
073-921.07_pic0.jpeg,_0
073-918.17_pic4.jpeg,_0
373-543.35_pic2.jpeg,_0
073-920.33_pic0.jpeg,_0
073-921.05_pic2.jpeg,_0
373-543.39_pic0.jpeg,_0
073-918.19_pic1.jpeg,_0
073-921.04_pic4.jpeg,_0
073-921.03_pic0.jpeg,_0
073-916.13_pic0.jpeg,_0
373-532.19_pic1.jpeg,_0
073-912.32_pic2.jpeg,_0
373-543.02_pic5.jpeg,_0
073-920.36_pic0.jpeg,_0
073-918.22_pic2.jpeg,_0
073-916.09_pic2.jpeg,_2
073-916.10_pic4.jpeg,_0
073-917.10_pic2.jpeg,_0
073-918.24_pic0.jpeg,_0
373-542.15_pic1.jpeg,_0
073-916.07_pic5.jpeg,_0
373-534.01_pic1.jpeg,_0
073-918.03_pic1.jpeg,_0
073-914.15_pic5.jpeg,_0
373-542.13_pic0.jpeg,_1
073-913.13_pic0.jpeg,_0
073-916.05_pic0.jpeg,_0
373-544.04_pic1.jpeg,_0
073-916.14_pic3.jpeg,_0
073-914.17_pic0.jpeg,_0
373-544.03_pic1.jpeg,_0
073-916.04_pic4.jpeg,_2
073-917.02_pic1.jpeg,_0
373-531.23_pic5.jpeg,_0
073-914.08_pic2.jpeg,_0
373-532.23_pic0.jpeg,_0
373-542.09_pic2.jpeg,_0
073-914.19_pic4.jpeg,_0
373-544.01_pic3.jpeg,_0
073-913.21_pic3.jpeg,_0
073-917.16_pic5.jpeg,_0
073-912.54_pic2.jpeg,_0
073-914.06_pic0.jpeg,_0
073-912.53_pic0.jpeg,_0
073-912.11_pic1.jpeg,_0
073-912.12_pic0.jpeg,_0
073-912.50_pic5.jpeg,_0
073-912.13_pic0.jpeg,_0
073-916.18_pic2.jpeg,_0
073-913.07_pic4.jpeg,_0
373-531.17_pic1.jpeg,_0
373-532.14_pic1.jpeg,_0
073-912.16_pic2.jpeg,_0
073-941.35_pic2.jpeg,_0
373-531.31_pic4.jpeg,_0
073-912.43_pic0.jpeg,_0
073-912.42_pic3.jpeg,_0
373-531.15_pic3.jpeg,_0
073-912.41_pic2.jpeg,_0
073-912.21_pic0.jpeg,_0
073-941.25_pic1.jpeg,_0
373-542.02_pic3.jpeg,_0
073-913.26_pic3.jpeg,_0
073-914.02_pic5.jpeg,_0
073-912.23_pic0.jpeg,_0
073-942.09_pic1.jpeg,_0
073-912.36_pic3.jpeg,_0
073-914.25_pic0.jpeg,_0
073-913.27_pic4.jpeg,_0
073-941.23_pic0.jpeg,_0
373-531.12_pic0.jpeg,_0
073-942.12_pic3.jpeg,_0
373-545.24_pic0.jpeg,_1
373-531.11_pic3.jpeg,_0
073-913.02_pic1.jpeg,_0
073-912.29_pic2.jpeg,_0
073-943.12_pic0.jpeg,_0
073-927.04_pic1.jpeg,_0
373-531.10_pic1.jpeg,_0
073-912.27_pic2.jpeg,_0
073-943.09_pic0.jpeg,_0
373-545.22_pic1.jpeg,_0
073-927.19_pic0.jpeg,_0
073-947.24_pic4.jpeg,_0
373-532.35_pic0.jpeg,_0
073-927.01_pic1.jpeg,_0
073-943.15_pic4.jpeg,_0
073-944.11_pic0.jpeg,_0
073-927.50_pic1.jpeg,_1
073-927.49_pic0.jpeg,_0
073-927.48_pic1.jpeg,_0
373-533.11_pic1.jpeg,_0
073-944.14_pic3.jpeg,_0
073-941.17_pic2.jpeg,_0
373-533.10_pic0.jpeg,_0
073-944.15_pic3.jpeg,_0
073-942.19_pic1.jpeg,_0
373-531.05_pic2.jpeg,_0
073-943.04_pic0.jpeg,_0
073-927.17_pic1.jpeg,_0
073-944.06_pic0.jpeg,_0
073-927.18_pic0.jpeg,_0
373-531.04_pic2.jpeg,_0
073-944.05_pic1.jpeg,_0
073-944.18_pic2.jpeg,_0
073-927.36_pic0.jpeg,_0
073-945.10_pic3.jpeg,_0
073-927.34_pic1.jpeg,_0
073-944.19_pic1.jpeg,_0
373-533.06_pic2.jpeg,_0
073-943.22_pic3.jpeg,_0
073-945.13_pic4.jpeg,_0
073-927.31_pic2.jpeg,_0
073-945.09_pic0.jpeg,_0
373-531.46_pic5.jpeg,_0
073-927.29_pic2.jpeg,_1
073-944.02_pic4.jpeg,_0
073-945.08_pic3.jpeg,_0
073-943.24_pic4.jpeg,_0
073-927.26_pic1.jpeg,_0
073-941.10_pic2.jpeg,_0
073-946.13_pic1.jpeg,_0
373-531.49_pic5.jpeg,_0
073-945.17_pic0.jpeg,_1
373-531.48_pic1.jpeg,_0
373-530.04_pic1.jpeg,_0
073-944.24_pic4.jpeg,_0
073-947.11_pic0.jpeg,_0
073-947.12_pic0.jpeg,_0
073-945.04_pic1.jpeg,_0
073-947.14_pic2.jpeg,_0
073-945.20_pic1.jpeg,_0
073-941.06_pic1.jpeg,_0
073-939.10_pic3.jpeg,_0
373-530.02_pic0.jpeg,_0
073-938.11_pic0.jpeg,_0
073-947.05_pic1.jpeg,_2
373-530.12_pic1.jpeg,_1
073-941.05_pic4.jpeg,_1
073-939.09_pic2.jpeg,_1
073-946.04_pic1.jpeg,_1
073-948.13_pic0.jpeg,_2
073-938.13_pic5.jpeg,_2
073-947.17_pic4.jpeg,_0
073-946.03_pic3.jpeg,_2
073-941.04_pic1.jpeg,_0
373-530.25_pic3.jpeg,_2
073-948.08_pic5.jpeg,_1
073-939.07_pic3.jpeg,_1
073-946.21_pic1.jpeg,_1
073-946.02_pic5.jpeg,_0
073-948.07_pic3.jpeg,_0
073-941.03_pic1.jpeg,_1
073-938.17_pic1.jpeg,_0
073-947.04_pic5.jpeg,_1
073-939.06_pic3.jpeg,_0
073-939.19_pic1.jpeg,_0
073-946.22_pic0.jpeg,_0
073-948.16_pic4.jpeg,_1
373-530.20_pic3.jpeg,_2
073-938.09_pic1.jpeg,_2
073-947.03_pic5.jpeg,_2
073-941.02_pic1.jpeg,_0
073-939.20_pic5.jpeg,_0
073-948.05_pic0.jpeg,_0
073-938.08_pic4.jpeg,_0
073-946.25_pic2.jpeg,_0
373-530.18_pic1.jpeg,_0
073-948.04_pic3.jpeg,_1
073-946.23_pic1.jpeg,_0
073-938.20_pic0.jpeg,_0
073-947.22_pic4.jpeg,_0
073-939.22_pic3.jpeg,_0
073-948.19_pic1.jpeg,_1
073-947.01_pic5.jpeg,_0
073-938.21_pic3.jpeg,_2
073-939.02_pic0.jpeg,_1
073-947.28_pic2.jpeg,_0
073-936.15_pic5.jpeg,_0
073-948.20_pic3.jpeg,_2
073-938.05_pic1.jpeg,_1
073-938.22_pic5.jpeg,_2
073-936.17_pic3.jpeg,_0
073-947.27_pic4.jpeg,_0
073-938.04_pic3.jpeg,_2
073-936.11_pic1.jpeg,_1
073-935.15_pic1.jpeg,_1
073-948.25_pic5.jpeg,_0
073-938.24_pic4.jpeg,_2
073-948.24_pic4.jpeg,_2
073-938.02_pic2.jpeg,_2
073-938.25_pic0.jpeg,_2
073-948.22_pic4.jpeg,_1
073-936.20_pic2.jpeg,_2
073-935.19_pic0.jpeg,_0
073-938.01_pic4.jpeg,_2
073-934.15_pic2.jpeg,_0
073-935.11_pic1.jpeg,_1
073-935.20_pic5.jpeg,_1
073-934.17_pic4.jpeg,_1
073-934.13_pic3.jpeg,_2
073-935.21_pic3.jpeg,_2
073-933.14_pic1.jpeg,_1
073-934.12_pic5.jpeg,_1
073-935.09_pic3.jpeg,_1
073-935.22_pic2.jpeg,_1
073-934.20_pic0.jpeg,_1
073-933.17_pic4.jpeg,_1
073-933.11_pic5.jpeg,_0
073-936.27_pic3.jpeg,_0
073-933.18_pic1.jpeg,_0
073-933.13_pic5.jpeg,_0
073-934.10_pic3.jpeg,_2
073-935.07_pic1.jpeg,_1
073-932.11_pic5.jpeg,_2
073-933.12_pic3.jpeg,_2
073-936.26_pic1.jpeg,_1
073-934.09_pic5.jpeg,_2
073-932.14_pic3.jpeg,_2
073-932.12_pic1.jpeg,_2
073-934.08_pic4.jpeg,_0
073-935.05_pic4.jpeg,_1
073-932.15_pic2.jpeg,_2
073-933.21_pic0.jpeg,_1
073-932.10_pic5.jpeg,_0
073-936.28_pic3.jpeg,_2
073-933.09_pic0.jpeg,_0
073-935.28_pic0.jpeg,_0
073-934.26_pic0.jpeg,_0
073-934.27_pic5.jpeg,_0
073-934.28_pic0.jpeg,_0
073-934.29_pic1.jpeg,_0
073-934.30_pic0.jpeg,_0
073-933.28_pic5.jpeg,_0
073-932.21_pic3.jpeg,_0
073-932.29_pic2.jpeg,_0
073-932.24_pic3.jpeg,_0
373-102.24_pic2.jpeg,_0
373-103.16_pic3.jpeg,_0
373-103.11_pic0.jpeg,_0
373-103.06_pic4.jpeg,_0
373-613.24_pic0.jpeg,_0
373-612.05_pic0.jpeg,_0
373-103.48_pic2.jpeg,_0
373-103.21_pic0.jpeg,_0
373-613.03_pic2.jpeg,_0
373-102.15_pic3.jpeg,_0
373-612.24_pic4.jpeg,_0
373-100.14_pic0.jpeg,_0
373-612.26_pic0.jpeg,_0
373-100.15_pic4.jpeg,_0
373-103.27_pic2.jpeg,_0
373-613.08_pic2.jpeg,_0
373-100.17_pic2.jpeg,_0
373-102.26_pic2.jpeg,_0
373-612.18_pic2.jpeg,_0
373-608.28_pic1.jpeg,_1
073-923.09_pic5.jpeg,_0
373-100.06_pic0.jpeg,_1
373-103.32_pic0.jpeg,_0
373-101.26_pic0.jpeg,_0
373-100.22_pic2.jpeg,_0
373-101.03_pic3.jpeg,_0
373-101.02_pic3.jpeg,_0
373-101.30_pic3.jpeg,_0
373-103.37_pic2.jpeg,_0
373-723.22_pic0.jpeg,_2
373-098.17_pic0.jpeg,_0
373-097.16_pic0.jpeg,_0
373-608.22_pic0.jpeg,_0
373-099.15_pic0.jpeg,_2
373-096.18_pic0.jpeg,_0
373-097.14_pic0.jpeg,_0
373-099.14_pic2.jpeg,_0
373-098.21_pic2.jpeg,_0
373-099.22_pic2.jpeg,_0
373-608.09_pic2.jpeg,_0
373-608.27_pic4.jpeg,_0
373-097.11_pic2.jpeg,_0
373-098.24_pic2.jpeg,_0
373-099.10_pic0.jpeg,_0
373-608.30_pic4.jpeg,_0
373-723.39_pic2.jpeg,_0
373-097.25_pic0.jpeg,_0
373-096.08_pic2.jpeg,_0
073-924.07_pic3.jpeg,_0
073-924.11_pic2.jpeg,_0
373-096.07_pic2.jpeg,_0
373-098.28_pic0.jpeg,_0
373-608.32_pic2.jpeg,_0
373-099.29_pic0.jpeg,_0
073-924.28_pic0.jpeg,_0
373-096.28_pic0.jpeg,_0
373-097.04_pic4.jpeg,_0
073-923.10_pic0.jpeg,_0
073-923.13_pic0.jpeg,_0
373-099.32_pic2.jpeg,_0
073-926.39_pic5.jpeg,_0
073-923.19_pic2.jpeg,_0
073-923.17_pic0.jpeg,_0
073-926.17_pic0.jpeg,_0
373-097.32_pic3.jpeg,_0
373-096.01_pic3.jpeg,_0
073-926.15_pic2.jpeg,_0
073-926.14_pic0.jpeg,_0
073-925.06_pic0.jpeg,_0
073-925.04_pic0.jpeg,_0
073-925.02_pic0.jpeg,_0
073-926.07_pic0.jpeg,_0
073-926.01_pic0.jpeg,_0
073-926.32_pic0.jpeg,_0
073-926.27_pic0.jpeg,_0
073-926.21_pic0.jpeg,_0
160-327.27_pic0.jpeg,_0
160-327.08_pic4.jpeg,_0
160-327.05_pic2.jpeg,_2
160-327.03_pic1.jpeg,_2
160-894.08_pic4.jpeg,_2
160-895.07_pic2.jpeg,_0
160-895.05_pic2.jpeg,_0
160-895.03_pic0.jpeg,_0
160-896.17_pic2.jpeg,_0
160-895.01_pic5.jpeg,_2
073-690.45_pic3.jpeg,_2
073-690.50_pic1.jpeg,_0
073-690.51_pic5.jpeg,_0
373-091.03_pic3.jpeg,_0
373-091.01_pic1.jpeg,_0
073-690.57_pic5.jpeg,_2
073-833.30_pic0.jpeg,_1
073-835.23_pic0.jpeg,_0
073-835.20_pic0.jpeg,_0
073-835.32_pic0.jpeg,_0
073-835.34_pic0.jpeg,_2
073-833.22_pic4.jpeg,_0
073-835.10_pic0.jpeg,_0
073-835.08_pic0.jpeg,_0
073-833.26_pic3.jpeg,_0
073-834.25_pic4.jpeg,_0
073-833.17_pic0.jpeg,_0
073-831.10_pic0.jpeg,_0
073-834.34_pic0.jpeg,_0
073-834.36_pic4.jpeg,_1
073-834.39_pic2.jpeg,_0
073-834.41_pic5.jpeg,_0
073-827.31_pic5.jpeg,_0
073-827.33_pic2.jpeg,_0
073-827.35_pic2.jpeg,_2
073-827.37_pic0.jpeg,_0
073-833.45_pic5.jpeg,_0
073-736.24_pic0.jpeg,_0
073-736.26_pic0.jpeg,_0
073-833.01_pic3.jpeg,_0
073-735.21_pic2.jpeg,_0
073-735.19_pic0.jpeg,_0
073-735.17_pic0.jpeg,_1
073-827.53_pic4.jpeg,_0
073-735.45_pic1.jpeg,_0
073-735.46_pic2.jpeg,_0
073-736.42_pic0.jpeg,_0
073-736.36_pic0.jpeg,_0
073-875.08_pic0.jpeg,_0
073-879.18_pic4.jpeg,_0
073-736.02_pic3.jpeg,_0
073-993.30_pic2.jpeg,_0
073-736.08_pic0.jpeg,_0
073-736.07_pic0.jpeg,_0
073-876.11_pic0.jpeg,_0
073-876.14_pic2.jpeg,_0
073-876.51_pic2.jpeg,_0
073-876.19_pic5.jpeg,_0
073-876.21_pic0.jpeg,_0
073-876.23_pic2.jpeg,_0
073-876.43_pic3.jpeg,_0
073-876.27_pic3.jpeg,_0
073-876.39_pic3.jpeg,_0
073-875.03_pic0.jpeg,_0
073-876.35_pic0.jpeg,_0
073-879.06_pic0.jpeg,_2
073-876.32_pic2.jpeg,_0
073-875.10_pic0.jpeg,_0
073-875.11_pic3.jpeg,_0
073-875.01_pic2.jpeg,_0
073-870.20_pic0.jpeg,_0
073-875.37_pic0.jpeg,_0
073-875.36_pic3.jpeg,_0
073-993.16_pic4.jpeg,_0
073-877.24_pic2.jpeg,_0
073-870.26_pic2.jpeg,_0
073-870.18_pic3.jpeg,_0
073-875.29_pic3.jpeg,_0
073-993.14_pic2.jpeg,_0
073-871.15_pic0.jpeg,_0
073-875.24_pic4.jpeg,_0
073-875.23_pic1.jpeg,_2
073-982.12_pic2.jpeg,_0
073-871.23_pic0.jpeg,_0
073-872.12_pic5.jpeg,_0
073-877.20_pic0.jpeg,_0
073-870.30_pic5.jpeg,_0
073-872.09_pic3.jpeg,_1
073-872.14_pic4.jpeg,_0
073-870.13_pic3.jpeg,_0
073-870.37_pic2.jpeg,_0
073-869.40_pic2.jpeg,_0
073-982.20_pic0.jpeg,_0
073-872.07_pic0.jpeg,_0
073-874.03_pic3.jpeg,_0
073-872.16_pic0.jpeg,_0
073-871.09_pic4.jpeg,_0
073-877.16_pic2.jpeg,_0
073-873.11_pic0.jpeg,_0
073-870.10_pic2.jpeg,_1
073-874.07_pic0.jpeg,_0
073-872.18_pic0.jpeg,_0
073-870.09_pic0.jpeg,_0
073-877.14_pic2.jpeg,_0
073-872.19_pic4.jpeg,_0
073-993.04_pic0.jpeg,_0
073-872.20_pic0.jpeg,_1
073-870.38_pic4.jpeg,_0
073-872.01_pic0.jpeg,_1
073-869.37_pic0.jpeg,_0
073-982.27_pic3.jpeg,_0
073-870.40_pic2.jpeg,_0
073-871.02_pic2.jpeg,_0
073-871.35_pic4.jpeg,_1
073-869.25_pic2.jpeg,_0
073-870.02_pic0.jpeg,_0
073-870.43_pic2.jpeg,_0
073-869.17_pic0.jpeg,_0
073-869.13_pic5.jpeg,_1
073-877.04_pic2.jpeg,_0
073-877.03_pic4.jpeg,_0
073-877.02_pic3.jpeg,_0
373-554.30_pic0.jpeg,_0
373-551.17_pic4.jpeg,_0
373-551.16_pic4.jpeg,_0
373-553.19_pic0.jpeg,_0
373-553.20_pic5.jpeg,_0
373-551.11_pic4.jpeg,_0
373-554.23_pic0.jpeg,_1
373-551.10_pic0.jpeg,_0
373-553.12_pic0.jpeg,_0
373-554.36_pic5.jpeg,_0
373-554.37_pic2.jpeg,_0
373-553.10_pic3.jpeg,_0
373-553.25_pic4.jpeg,_0
373-554.10_pic5.jpeg,_0
373-554.40_pic2.jpeg,_0
373-551.05_pic4.jpeg,_0
373-554.41_pic2.jpeg,_0
373-553.06_pic2.jpeg,_0
373-555.17_pic4.jpeg,_2
373-553.05_pic1.jpeg,_0
373-552.36_pic4.jpeg,_0
373-551.51_pic2.jpeg,_0
373-555.08_pic1.jpeg,_2
373-554.47_pic2.jpeg,_0
373-553.33_pic4.jpeg,_0
373-553.01_pic5.jpeg,_0
373-555.23_pic2.jpeg,_2
373-555.24_pic4.jpeg,_0
373-554.01_pic3.jpeg,_0
373-555.26_pic0.jpeg,_0
373-555.29_pic1.jpeg,_2
373-094.32_pic0.jpeg,_0
373-094.35_pic3.jpeg,_0
373-094.40_pic3.jpeg,_0
373-094.49_pic2.jpeg,_0
373-093.02_pic5.jpeg,_0
373-092.02_pic2.jpeg,_0
